window_start,reconstruction_mse,is_reconstruction_anomaly,split,return_temp_c_reconstruction_mse,is_return_temp_c_channel_anomaly,dominant_anomalous_feature
2023-09-13 18:45:00,0.00582042,False,train,0.00582042,False,return_temp_c
2023-09-14 06:45:00,0.006636636,False,train,0.006636636,False,return_temp_c
2023-09-14 18:45:00,0.01189156,False,train,0.01189156,False,return_temp_c
2023-09-15 06:45:00,0.020019867,False,train,0.020019867,False,return_temp_c
2023-09-15 18:45:00,0.010234849,False,train,0.010234849,False,return_temp_c
2023-09-16 06:45:00,0.012485278,False,train,0.012485278,False,return_temp_c
2023-09-16 18:45:00,0.008633236,False,train,0.008633236,False,return_temp_c
2023-09-17 06:45:00,0.017805709,False,train,0.017805709,False,return_temp_c
2023-09-17 18:45:00,0.0229328,False,train,0.0229328,False,return_temp_c
2023-09-18 06:45:00,0.027551683,False,train,0.027551683,False,return_temp_c
2023-09-18 18:45:00,0.007862816,False,train,0.007862816,False,return_temp_c
2023-09-19 06:45:00,0.0039605754,False,train,0.0039605754,False,return_temp_c
2023-09-19 18:45:00,0.0044672857,False,train,0.0044672857,False,return_temp_c
2023-09-20 06:45:00,0.005981751,False,train,0.005981751,False,return_temp_c
2023-09-21 18:45:00,0.05746912,False,train,0.05746912,False,return_temp_c
2023-09-22 06:45:00,0.010125265,False,train,0.010125265,False,return_temp_c
2023-09-22 18:45:00,0.0070625353,False,train,0.0070625353,False,return_temp_c
2023-09-23 06:45:00,0.0076060295,False,train,0.0076060295,False,return_temp_c
2023-09-23 18:45:00,0.013613671,False,train,0.013613671,False,return_temp_c
2023-09-24 06:45:00,0.011016288,False,train,0.011016288,False,return_temp_c
2023-09-24 18:45:00,0.009349617,False,train,0.009349617,False,return_temp_c
2023-09-25 06:45:00,0.012952195,False,train,0.012952195,False,return_temp_c
2023-10-11 06:45:00,0.08302502,True,train,0.08302502,True,return_temp_c
2023-10-11 18:45:00,0.027647233,False,train,0.027647233,False,return_temp_c
2023-10-12 06:45:00,0.033004485,False,train,0.033004485,False,return_temp_c
2023-10-12 18:45:00,0.01881176,False,train,0.01881176,False,return_temp_c
2023-10-13 06:45:00,0.030594006,False,train,0.030594006,False,return_temp_c
2023-10-13 18:45:00,0.030185739,False,train,0.030185739,False,return_temp_c
2023-10-14 06:45:00,0.046877537,False,train,0.046877537,False,return_temp_c
2023-10-14 18:45:00,0.035212874,False,train,0.035212874,False,return_temp_c
2023-10-15 06:45:00,0.03439466,False,train,0.03439466,False,return_temp_c
2023-10-15 18:45:00,0.027616264,False,train,0.027616264,False,return_temp_c
2023-10-16 06:45:00,0.014861188,False,train,0.014861188,False,return_temp_c
2023-10-16 18:45:00,0.03697083,False,train,0.03697083,False,return_temp_c
2023-10-17 06:45:00,0.022952037,False,train,0.022952037,False,return_temp_c
2023-10-17 18:45:00,0.027228082,False,train,0.027228082,False,return_temp_c
2023-10-22 18:45:00,0.019666798,False,train,0.019666798,False,return_temp_c
2023-10-27 06:45:00,0.017190589,False,train,0.017190589,False,return_temp_c
2023-10-27 18:45:00,0.037783626,False,train,0.037783626,False,return_temp_c
2023-11-01 06:45:00,0.013863253,False,train,0.013863253,False,return_temp_c
2023-11-02 06:45:00,0.03025429,False,train,0.03025429,False,return_temp_c
2023-11-02 18:45:00,0.030700961,False,train,0.030700961,False,return_temp_c
2023-11-03 06:45:00,0.011981626,False,train,0.011981626,False,return_temp_c
2023-11-03 18:45:00,0.012344156,False,train,0.012344156,False,return_temp_c
2023-11-04 06:45:00,0.012568079,False,train,0.012568079,False,return_temp_c
2023-11-04 18:45:00,0.014730853,False,train,0.014730853,False,return_temp_c
2023-11-05 06:45:00,0.015201946,False,train,0.015201946,False,return_temp_c
2023-11-05 18:45:00,0.016715867,False,train,0.016715867,False,return_temp_c
2023-11-06 06:45:00,0.0064578634,False,train,0.0064578634,False,return_temp_c
2023-11-06 18:45:00,0.01344934,False,train,0.01344934,False,return_temp_c
2023-11-07 06:45:00,0.10795831,True,train,0.10795831,True,return_temp_c
2023-11-07 18:45:00,0.08483688,True,train,0.08483688,True,return_temp_c
2023-11-08 06:45:00,0.11752059,True,train,0.11752059,True,return_temp_c
2023-11-08 18:45:00,0.014883255,False,train,0.014883255,False,return_temp_c
2023-11-09 06:45:00,0.019616747,False,train,0.019616747,False,return_temp_c
2023-11-09 18:45:00,0.008322667,False,train,0.008322667,False,return_temp_c
2023-11-10 06:45:00,0.0066031753,False,train,0.0066031753,False,return_temp_c
2023-11-10 18:45:00,0.010137556,False,train,0.010137556,False,return_temp_c
2023-11-11 06:45:00,0.0054831156,False,train,0.0054831156,False,return_temp_c
2023-11-11 18:45:00,0.012904839,False,train,0.012904839,False,return_temp_c
2023-11-12 06:45:00,0.0066711553,False,train,0.0066711553,False,return_temp_c
2023-11-13 06:45:00,0.029310739,False,train,0.029310739,False,return_temp_c
2023-11-13 18:45:00,0.04486696,False,train,0.04486696,False,return_temp_c
2023-11-14 06:45:00,0.02570724,False,train,0.02570724,False,return_temp_c
2023-11-14 18:45:00,0.012315549,False,train,0.012315549,False,return_temp_c
2023-11-15 06:45:00,0.025735945,False,train,0.025735945,False,return_temp_c
2023-11-15 18:45:00,0.024558479,False,train,0.024558479,False,return_temp_c
2023-11-16 06:45:00,0.032432843,False,train,0.032432843,False,return_temp_c
2023-11-16 18:45:00,0.02975539,False,train,0.02975539,False,return_temp_c
2023-11-17 06:45:00,0.015416958,False,train,0.015416958,False,return_temp_c
2023-11-17 18:45:00,0.03672926,False,train,0.03672926,False,return_temp_c
2023-11-18 18:45:00,0.031361584,False,train,0.031361584,False,return_temp_c
2023-11-19 06:45:00,0.022920607,False,train,0.022920607,False,return_temp_c
2023-11-20 06:45:00,0.03819563,False,train,0.03819563,False,return_temp_c
2023-11-20 18:45:00,0.032106873,False,train,0.032106873,False,return_temp_c
2023-11-21 06:45:00,0.013085377,False,train,0.013085377,False,return_temp_c
2023-11-21 18:45:00,0.012388532,False,train,0.012388532,False,return_temp_c
2023-11-22 06:45:00,0.006422049,False,train,0.006422049,False,return_temp_c
2023-11-22 18:45:00,0.008893429,False,train,0.008893429,False,return_temp_c
2023-11-23 06:45:00,0.01608302,False,train,0.01608302,False,return_temp_c
2023-11-23 18:45:00,0.015996926,False,train,0.015996926,False,return_temp_c
2023-11-24 06:45:00,0.021817295,False,train,0.021817295,False,return_temp_c
2023-11-24 18:45:00,0.011834759,False,train,0.011834759,False,return_temp_c
2023-11-25 06:45:00,0.0110798925,False,train,0.0110798925,False,return_temp_c
2024-05-02 18:45:00,0.014067599,False,train,0.014067599,False,return_temp_c
2024-05-03 06:45:00,0.014396331,False,train,0.014396331,False,return_temp_c
2024-05-03 18:45:00,0.021575132,False,train,0.021575132,False,return_temp_c
2024-05-04 06:45:00,0.014311002,False,train,0.014311002,False,return_temp_c
2024-05-04 18:45:00,0.008205366,False,train,0.008205366,False,return_temp_c
2024-05-05 06:45:00,0.011947862,False,train,0.011947862,False,return_temp_c
2024-05-05 18:45:00,0.014597801,False,train,0.014597801,False,return_temp_c
2024-05-06 06:45:00,0.012368572,False,train,0.012368572,False,return_temp_c
2024-05-06 18:45:00,0.015692288,False,train,0.015692288,False,return_temp_c
2024-05-07 06:45:00,0.018854987,False,train,0.018854987,False,return_temp_c
2024-05-07 18:45:00,0.007751856,False,train,0.007751856,False,return_temp_c
2024-05-08 06:45:00,0.013853751,False,train,0.013853751,False,return_temp_c
2024-05-08 18:45:00,0.024703035,False,train,0.024703035,False,return_temp_c
2024-05-09 06:45:00,0.018019522,False,train,0.018019522,False,return_temp_c
2024-05-09 18:45:00,0.01601599,False,train,0.01601599,False,return_temp_c
2024-05-10 06:45:00,0.019971585,False,train,0.019971585,False,return_temp_c
2024-05-10 18:45:00,0.020892384,False,train,0.020892384,False,return_temp_c
2024-05-11 06:45:00,0.01841857,False,train,0.01841857,False,return_temp_c
2024-05-11 18:45:00,0.02278242,False,train,0.02278242,False,return_temp_c
2024-05-12 06:45:00,0.009034232,False,train,0.009034232,False,return_temp_c
2024-05-12 18:45:00,0.012917181,False,train,0.012917181,False,return_temp_c
2024-05-13 06:45:00,0.01501039,False,train,0.01501039,False,return_temp_c
2024-05-13 18:45:00,0.019352574,False,train,0.019352574,False,return_temp_c
2024-05-14 06:45:00,0.015645508,False,train,0.015645508,False,return_temp_c
2024-05-14 18:45:00,0.01311799,False,train,0.01311799,False,return_temp_c
2024-05-15 06:45:00,0.014462505,False,train,0.014462505,False,return_temp_c
2024-05-15 18:45:00,0.011871808,False,train,0.011871808,False,return_temp_c
2024-05-16 06:45:00,0.020639084,False,train,0.020639084,False,return_temp_c
2024-05-16 18:45:00,0.0136832,False,train,0.0136832,False,return_temp_c
2024-05-17 06:45:00,0.0096624615,False,train,0.0096624615,False,return_temp_c
2024-05-17 18:45:00,0.008688206,False,train,0.008688206,False,return_temp_c
2024-05-18 06:45:00,0.018812465,False,train,0.018812465,False,return_temp_c
2024-05-18 18:45:00,0.013662812,False,train,0.013662812,False,return_temp_c
2024-05-19 06:45:00,0.020312984,False,train,0.020312984,False,return_temp_c
2024-05-19 18:45:00,0.0072260224,False,train,0.0072260224,False,return_temp_c
2024-05-20 06:45:00,0.013276589,False,train,0.013276589,False,return_temp_c
2024-05-20 18:45:00,0.010670203,False,train,0.010670203,False,return_temp_c
2024-05-21 06:45:00,0.012475103,False,train,0.012475103,False,return_temp_c
2024-05-21 18:45:00,0.010540065,False,train,0.010540065,False,return_temp_c
2024-05-22 06:45:00,0.013144258,False,train,0.013144258,False,return_temp_c
2024-05-22 18:45:00,0.018417137,False,train,0.018417137,False,return_temp_c
2024-05-23 06:45:00,0.011833389,False,train,0.011833389,False,return_temp_c
2024-05-23 18:45:00,0.012237366,False,train,0.012237366,False,return_temp_c
2024-05-24 06:45:00,0.016532743,False,train,0.016532743,False,return_temp_c
2024-05-24 18:45:00,0.029093936,False,train,0.029093936,False,return_temp_c
2024-05-25 06:45:00,0.03034842,False,train,0.03034842,False,return_temp_c
2024-05-25 18:45:00,0.036355015,False,train,0.036355015,False,return_temp_c
2024-05-26 06:45:00,0.010734801,False,train,0.010734801,False,return_temp_c
2024-05-26 18:45:00,0.011985878,False,train,0.011985878,False,return_temp_c
2024-05-27 06:45:00,0.014947738,False,train,0.014947738,False,return_temp_c
2024-05-27 18:45:00,0.01184535,False,train,0.01184535,False,return_temp_c
2024-05-28 06:45:00,0.008154243,False,train,0.008154243,False,return_temp_c
2024-05-28 18:45:00,0.022553103,False,train,0.022553103,False,return_temp_c
2024-05-29 06:45:00,0.029917337,False,train,0.029917337,False,return_temp_c
2024-05-29 18:45:00,0.019064423,False,train,0.019064423,False,return_temp_c
2024-05-30 06:45:00,0.017997364,False,train,0.017997364,False,return_temp_c
2024-05-30 18:45:00,0.012670942,False,train,0.012670942,False,return_temp_c
2024-05-31 06:45:00,0.018432299,False,train,0.018432299,False,return_temp_c
2024-05-31 18:45:00,0.013504625,False,train,0.013504625,False,return_temp_c
2024-06-01 06:45:00,0.0135105625,False,train,0.0135105625,False,return_temp_c
2024-06-01 18:45:00,0.014329224,False,train,0.014329224,False,return_temp_c
2024-06-02 06:45:00,0.013980043,False,train,0.013980043,False,return_temp_c
2024-06-02 18:45:00,0.01618316,False,train,0.01618316,False,return_temp_c
2024-06-03 06:45:00,0.0072585396,False,train,0.0072585396,False,return_temp_c
2024-06-03 18:45:00,0.016409168,False,train,0.016409168,False,return_temp_c
2024-06-04 06:45:00,0.01985233,False,train,0.01985233,False,return_temp_c
2024-06-04 18:45:00,0.02026589,False,train,0.02026589,False,return_temp_c
2024-06-05 06:45:00,0.017553447,False,train,0.017553447,False,return_temp_c
2024-06-05 18:45:00,0.017515684,False,train,0.017515684,False,return_temp_c
2024-06-06 06:45:00,0.02142754,False,train,0.02142754,False,return_temp_c
2024-06-06 18:45:00,0.023064284,False,train,0.023064284,False,return_temp_c
2024-06-07 06:45:00,0.01693915,False,train,0.01693915,False,return_temp_c
2024-06-07 18:45:00,0.016693609,False,train,0.016693609,False,return_temp_c
2024-06-08 06:45:00,0.015447876,False,train,0.015447876,False,return_temp_c
2024-06-08 18:45:00,0.014939844,False,train,0.014939844,False,return_temp_c
2024-06-09 06:45:00,0.012371083,False,train,0.012371083,False,return_temp_c
2024-06-09 18:45:00,0.008122033,False,train,0.008122033,False,return_temp_c
2024-06-10 06:45:00,0.013313115,False,train,0.013313115,False,return_temp_c
2024-06-10 18:45:00,0.0094648,False,train,0.0094648,False,return_temp_c
2024-06-11 06:45:00,0.018946376,False,train,0.018946376,False,return_temp_c
2024-06-11 18:45:00,0.010303424,False,train,0.010303424,False,return_temp_c
2024-06-12 06:45:00,0.010698665,False,train,0.010698665,False,return_temp_c
2024-06-12 18:45:00,0.007072849,False,train,0.007072849,False,return_temp_c
2024-06-13 06:45:00,0.0068189255,False,train,0.0068189255,False,return_temp_c
2024-06-13 18:45:00,0.009651237,False,train,0.009651237,False,return_temp_c
2024-06-14 06:45:00,0.009298651,False,train,0.009298651,False,return_temp_c
2024-06-14 18:45:00,0.020024227,False,train,0.020024227,False,return_temp_c
2024-06-15 06:45:00,0.009529588,False,train,0.009529588,False,return_temp_c
2024-06-15 18:45:00,0.010672647,False,train,0.010672647,False,return_temp_c
2024-06-16 06:45:00,0.005658942,False,train,0.005658942,False,return_temp_c
2024-06-16 18:45:00,0.005928833,False,train,0.005928833,False,return_temp_c
2024-06-17 06:45:00,0.005089025,False,train,0.005089025,False,return_temp_c
2024-06-17 18:45:00,0.0052406006,False,train,0.0052406006,False,return_temp_c
2024-06-18 06:45:00,0.0078973435,False,train,0.0078973435,False,return_temp_c
2024-06-18 18:45:00,0.013501526,False,train,0.013501526,False,return_temp_c
2024-06-19 06:45:00,0.009054167,False,train,0.009054167,False,return_temp_c
2024-06-19 18:45:00,0.006108562,False,train,0.006108562,False,return_temp_c
2024-06-20 06:45:00,0.008582485,False,train,0.008582485,False,return_temp_c
2024-06-20 18:45:00,0.0145536335,False,train,0.0145536335,False,return_temp_c
2024-06-21 06:45:00,0.0353794,False,train,0.0353794,False,return_temp_c
2024-06-21 18:45:00,0.017438304,False,train,0.017438304,False,return_temp_c
2024-06-22 06:45:00,0.006823813,False,train,0.006823813,False,return_temp_c
2024-06-22 18:45:00,0.013213624,False,train,0.013213624,False,return_temp_c
2024-06-23 06:45:00,0.008791777,False,train,0.008791777,False,return_temp_c
2024-06-23 18:45:00,0.014630735,False,train,0.014630735,False,return_temp_c
2024-06-24 06:45:00,0.012078644,False,train,0.012078644,False,return_temp_c
2024-06-24 18:45:00,0.015651586,False,train,0.015651586,False,return_temp_c
2024-06-25 06:45:00,0.010333484,False,train,0.010333484,False,return_temp_c
2024-06-25 18:45:00,0.014169742,False,train,0.014169742,False,return_temp_c
2024-06-26 06:45:00,0.012391373,False,train,0.012391373,False,return_temp_c
2024-06-26 18:45:00,0.025979295,False,train,0.025979295,False,return_temp_c
2024-06-27 06:45:00,0.01762037,False,train,0.01762037,False,return_temp_c
2024-06-27 18:45:00,0.015262939,False,train,0.015262939,False,return_temp_c
2024-06-28 06:45:00,0.022813357,False,train,0.022813357,False,return_temp_c
2024-06-28 18:45:00,0.018116677,False,train,0.018116677,False,return_temp_c
2024-06-29 06:45:00,0.024091356,False,train,0.024091356,False,return_temp_c
2024-06-29 18:45:00,0.016447274,False,train,0.016447274,False,return_temp_c
2024-06-30 06:45:00,0.016635593,False,train,0.016635593,False,return_temp_c
2024-06-30 18:45:00,0.010057576,False,train,0.010057576,False,return_temp_c
2024-07-01 06:45:00,0.007019391,False,train,0.007019391,False,return_temp_c
2024-07-01 18:45:00,0.015079702,False,train,0.015079702,False,return_temp_c
2024-07-02 06:45:00,0.009798679,False,train,0.009798679,False,return_temp_c
2024-07-02 18:45:00,0.023858896,False,train,0.023858896,False,return_temp_c
2024-07-03 06:45:00,0.01897682,False,train,0.01897682,False,return_temp_c
2024-07-03 18:45:00,0.024420643,False,train,0.024420643,False,return_temp_c
2024-07-04 06:45:00,0.019648446,False,train,0.019648446,False,return_temp_c
2024-07-04 18:45:00,0.010632397,False,train,0.010632397,False,return_temp_c
2024-07-05 06:45:00,0.011828204,False,train,0.011828204,False,return_temp_c
2024-07-05 18:45:00,0.009249265,False,train,0.009249265,False,return_temp_c
2024-07-06 06:45:00,0.013832065,False,train,0.013832065,False,return_temp_c
2024-07-06 18:45:00,0.01956389,False,train,0.01956389,False,return_temp_c
2024-07-07 06:45:00,0.028552508,False,train,0.028552508,False,return_temp_c
2024-07-07 18:45:00,0.02415227,False,train,0.02415227,False,return_temp_c
2024-07-08 06:45:00,0.026599936,False,train,0.026599936,False,return_temp_c
2024-07-08 18:45:00,0.007678129,False,train,0.007678129,False,return_temp_c
2024-07-09 06:45:00,0.008012484,False,train,0.008012484,False,return_temp_c
2024-07-09 18:45:00,0.010619733,False,train,0.010619733,False,return_temp_c
2024-07-10 06:45:00,0.009387734,False,train,0.009387734,False,return_temp_c
2024-07-10 18:45:00,0.0074251895,False,train,0.0074251895,False,return_temp_c
2024-07-11 06:45:00,0.0099770175,False,train,0.0099770175,False,return_temp_c
2024-07-11 18:45:00,0.008223322,False,train,0.008223322,False,return_temp_c
2024-07-12 06:45:00,0.010980758,False,train,0.010980758,False,return_temp_c
2024-07-12 18:45:00,0.009352827,False,train,0.009352827,False,return_temp_c
2024-07-13 06:45:00,0.008674574,False,train,0.008674574,False,return_temp_c
2024-07-13 18:45:00,0.007018367,False,train,0.007018367,False,return_temp_c
2024-07-14 06:45:00,0.006147266,False,train,0.006147266,False,return_temp_c
2024-07-14 18:45:00,0.006764036,False,train,0.006764036,False,return_temp_c
2024-07-15 06:45:00,0.0063751396,False,train,0.0063751396,False,return_temp_c
2024-07-15 18:45:00,0.0085609695,False,train,0.0085609695,False,return_temp_c
2024-07-16 06:45:00,0.0071730665,False,train,0.0071730665,False,return_temp_c
2024-07-16 18:45:00,0.008103278,False,train,0.008103278,False,return_temp_c
2024-07-17 06:45:00,0.006697921,False,train,0.006697921,False,return_temp_c
2024-07-17 18:45:00,0.016060714,False,train,0.016060714,False,return_temp_c
2024-07-18 06:45:00,0.007814009,False,train,0.007814009,False,return_temp_c
2024-07-18 18:45:00,0.0057479683,False,train,0.0057479683,False,return_temp_c
2024-07-19 06:45:00,0.008167916,False,train,0.008167916,False,return_temp_c
2024-07-19 18:45:00,0.0065823193,False,train,0.0065823193,False,return_temp_c
2024-07-20 06:45:00,0.009208507,False,train,0.009208507,False,return_temp_c
2024-07-20 18:45:00,0.008809625,False,train,0.008809625,False,return_temp_c
2024-07-21 06:45:00,0.011596412,False,train,0.011596412,False,return_temp_c
2024-07-21 18:45:00,0.0066726035,False,train,0.0066726035,False,return_temp_c
2024-07-22 06:45:00,0.009425785,False,train,0.009425785,False,return_temp_c
2024-07-22 18:45:00,0.015256856,False,train,0.015256856,False,return_temp_c
2024-07-23 06:45:00,0.011957903,False,train,0.011957903,False,return_temp_c
2024-07-23 18:45:00,0.008500465,False,train,0.008500465,False,return_temp_c
2024-07-24 06:45:00,0.016821114,False,train,0.016821114,False,return_temp_c
2024-07-24 18:45:00,0.015472083,False,train,0.015472083,False,return_temp_c
2024-07-25 06:45:00,0.017046953,False,train,0.017046953,False,return_temp_c
2024-07-25 18:45:00,0.029802024,False,train,0.029802024,False,return_temp_c
2024-07-26 06:45:00,0.01999565,False,train,0.01999565,False,return_temp_c
2024-07-26 18:45:00,0.021858184,False,train,0.021858184,False,return_temp_c
2024-07-27 06:45:00,0.017493682,False,train,0.017493682,False,return_temp_c
2024-07-27 18:45:00,0.0123241665,False,train,0.0123241665,False,return_temp_c
2024-07-28 06:45:00,0.0144034885,False,train,0.0144034885,False,return_temp_c
2024-07-28 18:45:00,0.01809389,False,train,0.01809389,False,return_temp_c
2024-07-29 06:45:00,0.019343952,False,train,0.019343952,False,return_temp_c
2024-07-29 18:45:00,0.011602108,False,train,0.011602108,False,return_temp_c
2024-07-30 06:45:00,0.018891372,False,train,0.018891372,False,return_temp_c
2024-07-30 18:45:00,0.01875395,False,train,0.01875395,False,return_temp_c
2024-07-31 06:45:00,0.01595618,False,train,0.01595618,False,return_temp_c
2024-07-31 18:45:00,0.024870435,False,train,0.024870435,False,return_temp_c
2024-08-01 06:45:00,0.023473943,False,train,0.023473943,False,return_temp_c
2024-08-01 18:45:00,0.021668194,False,train,0.021668194,False,return_temp_c
2024-08-02 06:45:00,0.010296199,False,train,0.010296199,False,return_temp_c
2024-08-02 18:45:00,0.012463783,False,train,0.012463783,False,return_temp_c
2024-08-03 06:45:00,0.013868275,False,train,0.013868275,False,return_temp_c
2024-08-03 18:45:00,0.0101956185,False,train,0.0101956185,False,return_temp_c
2024-08-04 06:45:00,0.015123225,False,train,0.015123225,False,return_temp_c
2024-08-04 18:45:00,0.014701561,False,train,0.014701561,False,return_temp_c
2024-08-05 06:45:00,0.019697884,False,train,0.019697884,False,return_temp_c
2024-08-05 18:45:00,0.017293839,False,train,0.017293839,False,return_temp_c
2024-08-06 06:45:00,0.021516351,False,train,0.021516351,False,return_temp_c
2024-08-06 18:45:00,0.02253311,False,train,0.02253311,False,return_temp_c
2024-08-07 06:45:00,0.013197803,False,train,0.013197803,False,return_temp_c
2024-08-07 18:45:00,0.014698506,False,train,0.014698506,False,return_temp_c
2024-08-09 06:45:00,0.027708685,False,train,0.027708685,False,return_temp_c
2024-08-09 18:45:00,0.01803089,False,train,0.01803089,False,return_temp_c
2024-08-10 06:45:00,0.014721692,False,train,0.014721692,False,return_temp_c
2024-08-10 18:45:00,0.008465995,False,train,0.008465995,False,return_temp_c
2024-08-11 06:45:00,0.014291994,False,train,0.014291994,False,return_temp_c
2024-08-11 18:45:00,0.012651261,False,train,0.012651261,False,return_temp_c
2024-08-12 06:45:00,0.014091183,False,train,0.014091183,False,return_temp_c
2024-08-12 18:45:00,0.033114318,False,train,0.033114318,False,return_temp_c
2024-08-13 06:45:00,0.025669819,False,train,0.025669819,False,return_temp_c
2024-08-13 18:45:00,0.0075350567,False,train,0.0075350567,False,return_temp_c
2024-08-14 06:45:00,0.013172946,False,train,0.013172946,False,return_temp_c
2024-08-14 18:45:00,0.011916083,False,train,0.011916083,False,return_temp_c
2024-08-15 06:45:00,0.014028054,False,train,0.014028054,False,return_temp_c
2024-08-15 18:45:00,0.01913143,False,train,0.01913143,False,return_temp_c
2024-08-16 06:45:00,0.018418424,False,train,0.018418424,False,return_temp_c
2024-08-16 18:45:00,0.014623049,False,train,0.014623049,False,return_temp_c
2024-08-17 06:45:00,0.03622611,False,train,0.03622611,False,return_temp_c
2024-08-17 18:45:00,0.024950758,False,train,0.024950758,False,return_temp_c
2024-08-18 06:45:00,0.025153467,False,train,0.025153467,False,return_temp_c
2024-08-18 18:45:00,0.01461189,False,train,0.01461189,False,return_temp_c
2024-08-19 06:45:00,0.0138536915,False,train,0.0138536915,False,return_temp_c
2024-08-19 18:45:00,0.0349839,False,train,0.0349839,False,return_temp_c
2024-08-20 06:45:00,0.042386774,False,train,0.042386774,False,return_temp_c
2024-08-20 18:45:00,0.012383518,False,train,0.012383518,False,return_temp_c
2024-08-21 06:45:00,0.010928947,False,train,0.010928947,False,return_temp_c
2024-08-21 18:45:00,0.023762273,False,train,0.023762273,False,return_temp_c
2024-08-22 06:45:00,0.011583716,False,train,0.011583716,False,return_temp_c
2024-08-22 18:45:00,0.019739801,False,train,0.019739801,False,return_temp_c
2024-08-23 06:45:00,0.011033166,False,train,0.011033166,False,return_temp_c
2024-08-23 18:45:00,0.024974858,False,train,0.024974858,False,return_temp_c
2024-08-24 06:45:00,0.013278888,False,train,0.013278888,False,return_temp_c
2024-08-24 18:45:00,0.023239652,False,train,0.023239652,False,return_temp_c
2024-08-25 06:45:00,0.013772883,False,train,0.013772883,False,return_temp_c
2024-08-25 18:45:00,0.018715115,False,train,0.018715115,False,return_temp_c
2024-08-26 06:45:00,0.017425606,False,train,0.017425606,False,return_temp_c
2024-08-26 18:45:00,0.023158418,False,train,0.023158418,False,return_temp_c
2024-08-27 06:45:00,0.014663492,False,train,0.014663492,False,return_temp_c
2024-08-27 18:45:00,0.011000228,False,train,0.011000228,False,return_temp_c
2024-08-28 06:45:00,0.02427836,False,train,0.02427836,False,return_temp_c
2024-08-28 18:45:00,0.012350109,False,train,0.012350109,False,return_temp_c
2024-08-29 06:45:00,0.02329681,False,train,0.02329681,False,return_temp_c
2024-08-29 18:45:00,0.012150876,False,train,0.012150876,False,return_temp_c
2024-08-30 06:45:00,0.031145526,False,train,0.031145526,False,return_temp_c
2024-08-30 18:45:00,0.03668895,False,train,0.03668895,False,return_temp_c
2024-08-31 06:45:00,0.030177766,False,train,0.030177766,False,return_temp_c
2024-08-31 18:45:00,0.012673575,False,train,0.012673575,False,return_temp_c
2024-09-01 06:45:00,0.021097235,False,train,0.021097235,False,return_temp_c
2024-09-01 18:45:00,0.015958084,False,train,0.015958084,False,return_temp_c
2024-09-02 06:45:00,0.007165274,False,train,0.007165274,False,return_temp_c
2024-09-02 18:45:00,0.027964065,False,train,0.027964065,False,return_temp_c
2024-09-03 06:45:00,0.026205191,False,train,0.026205191,False,return_temp_c
2024-09-03 18:45:00,0.047336992,False,train,0.047336992,False,return_temp_c
2024-09-04 06:45:00,0.059934024,False,train,0.059934024,False,return_temp_c
2024-09-04 18:45:00,0.0104363635,False,train,0.0104363635,False,return_temp_c
2024-09-05 06:45:00,0.012328908,False,train,0.012328908,False,return_temp_c
2024-09-05 18:45:00,0.024923583,False,train,0.024923583,False,return_temp_c
2024-09-06 06:45:00,0.026209688,False,train,0.026209688,False,return_temp_c
2024-09-06 18:45:00,0.0065014125,False,train,0.0065014125,False,return_temp_c
2024-09-07 06:45:00,0.013753611,False,train,0.013753611,False,return_temp_c
2024-09-07 18:45:00,0.009199874,False,train,0.009199874,False,return_temp_c
2024-09-08 06:45:00,0.009394088,False,train,0.009394088,False,return_temp_c
2024-09-08 18:45:00,0.0120848855,False,train,0.0120848855,False,return_temp_c
2024-09-09 06:45:00,0.011060022,False,train,0.011060022,False,return_temp_c
2024-09-09 18:45:00,0.012132102,False,train,0.012132102,False,return_temp_c
2024-09-10 06:45:00,0.026147047,False,train,0.026147047,False,return_temp_c
2024-09-10 18:45:00,0.011023429,False,train,0.011023429,False,return_temp_c
2024-09-11 06:45:00,0.010374181,False,train,0.010374181,False,return_temp_c
2024-09-11 18:45:00,0.006716514,False,train,0.006716514,False,return_temp_c
2024-09-12 06:45:00,0.06414408,False,train,0.06414408,False,return_temp_c
2024-09-12 18:45:00,0.028505323,False,train,0.028505323,False,return_temp_c
2024-09-13 06:45:00,0.011984178,False,train,0.011984178,False,return_temp_c
2024-09-13 18:45:00,0.009093395,False,train,0.009093395,False,return_temp_c
2024-09-14 06:45:00,0.020029133,False,train,0.020029133,False,return_temp_c
2024-09-14 18:45:00,0.008791613,False,train,0.008791613,False,return_temp_c
2024-09-15 06:45:00,0.017236033,False,train,0.017236033,False,return_temp_c
2024-09-15 18:45:00,0.009856426,False,train,0.009856426,False,return_temp_c
2024-09-16 06:45:00,0.02429384,False,train,0.02429384,False,return_temp_c
2024-09-16 18:45:00,0.010387083,False,train,0.010387083,False,return_temp_c
2024-09-17 06:45:00,0.020264179,False,train,0.020264179,False,return_temp_c
2024-09-17 18:45:00,0.019707384,False,train,0.019707384,False,return_temp_c
2024-09-18 06:45:00,0.01104324,False,train,0.01104324,False,return_temp_c
2024-09-18 18:45:00,0.020242825,False,train,0.020242825,False,return_temp_c
2024-09-19 06:45:00,0.019713094,False,train,0.019713094,False,return_temp_c
2024-09-19 18:45:00,0.021454422,False,train,0.021454422,False,return_temp_c
2024-09-20 06:45:00,0.008394144,False,train,0.008394144,False,return_temp_c
2024-09-20 18:45:00,0.008513921,False,train,0.008513921,False,return_temp_c
2024-09-21 06:45:00,0.0320532,False,train,0.0320532,False,return_temp_c
2024-09-21 18:45:00,0.06414785,False,train,0.06414785,False,return_temp_c
2024-09-22 06:45:00,0.09554654,True,train,0.09554654,True,return_temp_c
2024-09-22 18:45:00,0.10905523,True,train,0.10905523,True,return_temp_c
2024-09-23 06:45:00,0.16504185,True,train,0.16504185,True,return_temp_c
2024-09-23 18:45:00,0.029252494,False,train,0.029252494,False,return_temp_c
2024-09-24 06:45:00,0.027931713,False,train,0.027931713,False,return_temp_c
2024-09-24 18:45:00,0.013826974,False,train,0.013826974,False,return_temp_c
2024-09-25 06:45:00,0.020008314,False,train,0.020008314,False,return_temp_c
2024-09-25 18:45:00,0.014256614,False,train,0.014256614,False,return_temp_c
2024-09-26 06:45:00,0.01966826,False,train,0.01966826,False,return_temp_c
2024-09-26 18:45:00,0.019965552,False,train,0.019965552,False,return_temp_c
2024-09-27 06:45:00,0.02474525,False,train,0.02474525,False,return_temp_c
2024-09-27 18:45:00,0.030282147,False,train,0.030282147,False,return_temp_c
2024-09-28 06:45:00,0.013248415,False,train,0.013248415,False,return_temp_c
2024-09-28 18:45:00,0.011918013,False,train,0.011918013,False,return_temp_c
2024-09-29 06:45:00,0.01772395,False,train,0.01772395,False,return_temp_c
2024-09-29 18:45:00,0.013251725,False,train,0.013251725,False,return_temp_c
2024-09-30 06:45:00,0.018872902,False,train,0.018872902,False,return_temp_c
2024-09-30 18:45:00,0.020077446,False,train,0.020077446,False,return_temp_c
2024-10-01 06:45:00,0.013267197,False,train,0.013267197,False,return_temp_c
2024-10-01 18:45:00,0.015522431,False,train,0.015522431,False,return_temp_c
2024-10-02 06:45:00,0.016503396,False,train,0.016503396,False,return_temp_c
2024-10-02 18:45:00,0.0119314445,False,train,0.0119314445,False,return_temp_c
2024-10-03 06:45:00,0.005411073,False,train,0.005411073,False,return_temp_c
2024-10-03 18:45:00,0.013783436,False,train,0.013783436,False,return_temp_c
2024-10-04 06:45:00,0.009706782,False,train,0.009706782,False,return_temp_c
2024-10-04 18:45:00,0.011170336,False,train,0.011170336,False,return_temp_c
2024-10-05 06:45:00,0.009440212,False,train,0.009440212,False,return_temp_c
2024-10-05 18:45:00,0.009699326,False,train,0.009699326,False,return_temp_c
2024-10-06 06:45:00,0.0070236567,False,train,0.0070236567,False,return_temp_c
2024-10-06 18:45:00,0.007416692,False,train,0.007416692,False,return_temp_c
2024-10-07 06:45:00,0.013736227,False,train,0.013736227,False,return_temp_c
2024-10-07 18:45:00,0.011701778,False,train,0.011701778,False,return_temp_c
2024-10-08 06:45:00,0.009785508,False,train,0.009785508,False,return_temp_c
2024-10-08 18:45:00,0.011873483,False,train,0.011873483,False,return_temp_c
2024-10-09 06:45:00,0.017472086,False,train,0.017472086,False,return_temp_c
2024-10-09 18:45:00,0.009931896,False,train,0.009931896,False,return_temp_c
2024-10-10 06:45:00,0.010407194,False,train,0.010407194,False,return_temp_c
2024-10-10 18:45:00,0.013910443,False,train,0.013910443,False,return_temp_c
2024-10-11 06:45:00,0.012775104,False,train,0.012775104,False,return_temp_c
2024-10-11 18:45:00,0.017013235,False,train,0.017013235,False,return_temp_c
2024-10-12 06:45:00,0.018392568,False,train,0.018392568,False,return_temp_c
2024-10-12 18:45:00,0.020087367,False,train,0.020087367,False,return_temp_c
2024-10-13 06:45:00,0.02053109,False,train,0.02053109,False,return_temp_c
2024-10-13 18:45:00,0.021693682,False,train,0.021693682,False,return_temp_c
2024-10-14 06:45:00,0.018334813,False,train,0.018334813,False,return_temp_c
2024-10-14 18:45:00,0.022156827,False,train,0.022156827,False,return_temp_c
2024-10-15 06:45:00,0.0121580595,False,train,0.0121580595,False,return_temp_c
2024-10-15 18:45:00,0.026090326,False,train,0.026090326,False,return_temp_c
2024-10-16 06:45:00,0.011466668,False,train,0.011466668,False,return_temp_c
2024-10-16 18:45:00,0.029536307,False,train,0.029536307,False,return_temp_c
2024-10-17 06:45:00,0.029281579,False,train,0.029281579,False,return_temp_c
2024-10-17 18:45:00,0.024824066,False,train,0.024824066,False,return_temp_c
2024-10-18 06:45:00,0.024466196,False,train,0.024466196,False,return_temp_c
2024-10-18 18:45:00,0.02045857,False,train,0.02045857,False,return_temp_c
2024-10-19 06:45:00,0.015340511,False,train,0.015340511,False,return_temp_c
2024-10-19 18:45:00,0.0064582624,False,train,0.0064582624,False,return_temp_c
2024-10-20 06:45:00,0.010696572,False,train,0.010696572,False,return_temp_c
2024-10-20 18:45:00,0.011090414,False,train,0.011090414,False,return_temp_c
2024-10-21 06:45:00,0.009166871,False,train,0.009166871,False,return_temp_c
2024-10-21 18:45:00,0.025143594,False,train,0.025143594,False,return_temp_c
2024-10-22 06:45:00,0.02591677,False,train,0.02591677,False,return_temp_c
2024-10-22 18:45:00,0.024304753,False,train,0.024304753,False,return_temp_c
2024-10-23 06:45:00,0.019437095,False,train,0.019437095,False,return_temp_c
2024-10-23 18:45:00,0.017378986,False,train,0.017378986,False,return_temp_c
2024-10-24 06:45:00,0.013815198,False,train,0.013815198,False,return_temp_c
2024-10-24 18:45:00,0.011695667,False,train,0.011695667,False,return_temp_c
2024-10-25 06:45:00,0.017379701,False,train,0.017379701,False,return_temp_c
2024-10-25 18:45:00,0.021661932,False,train,0.021661932,False,return_temp_c
2024-10-26 06:45:00,0.016085206,False,train,0.016085206,False,return_temp_c
2024-10-26 18:45:00,0.017138945,False,train,0.017138945,False,return_temp_c
2024-10-27 06:45:00,0.013805247,False,train,0.013805247,False,return_temp_c
2024-10-27 18:45:00,0.024842491,False,train,0.024842491,False,return_temp_c
2024-10-28 06:45:00,0.023418603,False,train,0.023418603,False,return_temp_c
2024-10-28 18:45:00,0.013257362,False,train,0.013257362,False,return_temp_c
2024-10-29 06:45:00,0.011730633,False,train,0.011730633,False,return_temp_c
2024-10-29 18:45:00,0.020709852,False,train,0.020709852,False,return_temp_c
2024-10-30 06:45:00,0.02651149,False,train,0.02651149,False,return_temp_c
2024-10-30 18:45:00,0.024714492,False,train,0.024714492,False,return_temp_c
2024-10-31 06:45:00,0.027363285,False,train,0.027363285,False,return_temp_c
2024-10-31 18:45:00,0.017699102,False,train,0.017699102,False,return_temp_c
2024-11-01 06:45:00,0.018194815,False,train,0.018194815,False,return_temp_c
2024-11-01 18:45:00,0.027249357,False,train,0.027249357,False,return_temp_c
2024-11-02 06:45:00,0.034566503,False,train,0.034566503,False,return_temp_c
2024-11-02 18:45:00,0.03586508,False,train,0.03586508,False,return_temp_c
2024-11-03 06:45:00,0.033849534,False,train,0.033849534,False,return_temp_c
2024-11-03 18:45:00,0.024074623,False,train,0.024074623,False,return_temp_c
2024-11-04 06:45:00,0.026301755,False,train,0.026301755,False,return_temp_c
2024-11-04 18:45:00,0.02037966,False,train,0.02037966,False,return_temp_c
2024-11-05 06:45:00,0.032737445,False,train,0.032737445,False,return_temp_c
2024-11-05 18:45:00,0.019493425,False,train,0.019493425,False,return_temp_c
2024-11-06 06:45:00,0.029965611,False,train,0.029965611,False,return_temp_c
2024-11-06 18:45:00,0.02391573,False,train,0.02391573,False,return_temp_c
2024-11-07 06:45:00,0.02564776,False,train,0.02564776,False,return_temp_c
2024-11-07 18:45:00,0.030960552,False,train,0.030960552,False,return_temp_c
2024-11-08 06:45:00,0.021488093,False,train,0.021488093,False,return_temp_c
2024-11-08 18:45:00,0.019398313,False,train,0.019398313,False,return_temp_c
2024-11-09 06:45:00,0.018971855,False,train,0.018971855,False,return_temp_c
2024-11-09 18:45:00,0.019285547,False,train,0.019285547,False,return_temp_c
2024-11-10 06:45:00,0.019809524,False,train,0.019809524,False,return_temp_c
2024-11-10 18:45:00,0.016651124,False,train,0.016651124,False,return_temp_c
2024-11-11 06:45:00,0.017159889,False,train,0.017159889,False,return_temp_c
2024-11-11 18:45:00,0.01872272,False,train,0.01872272,False,return_temp_c
2024-11-12 06:45:00,0.015836112,False,train,0.015836112,False,return_temp_c
2024-11-12 18:45:00,0.015275302,False,train,0.015275302,False,return_temp_c
2024-11-13 06:45:00,0.013967838,False,train,0.013967838,False,return_temp_c
2024-11-13 18:45:00,0.011032886,False,train,0.011032886,False,return_temp_c
2024-11-14 06:45:00,0.009696466,False,train,0.009696466,False,return_temp_c
2024-11-14 18:45:00,0.011881513,False,train,0.011881513,False,return_temp_c
2024-11-15 06:45:00,0.0143200895,False,train,0.0143200895,False,return_temp_c
2024-11-15 18:45:00,0.008988206,False,train,0.008988206,False,return_temp_c
2024-11-16 06:45:00,0.011727405,False,train,0.011727405,False,return_temp_c
2024-11-16 18:45:00,0.010527774,False,train,0.010527774,False,return_temp_c
2024-11-17 06:45:00,0.008443307,False,train,0.008443307,False,return_temp_c
2024-11-17 18:45:00,0.0077972542,False,train,0.0077972542,False,return_temp_c
2024-11-18 06:45:00,0.01036512,False,train,0.01036512,False,return_temp_c
2024-11-18 18:45:00,0.016433293,False,train,0.016433293,False,return_temp_c
2024-11-19 06:45:00,0.014274002,False,train,0.014274002,False,return_temp_c
2024-11-19 18:45:00,0.019754112,False,train,0.019754112,False,return_temp_c
2024-11-20 06:45:00,0.024869693,False,train,0.024869693,False,return_temp_c
2024-11-20 18:45:00,0.027285615,False,train,0.027285615,False,return_temp_c
2024-11-21 06:45:00,0.019984325,False,train,0.019984325,False,return_temp_c
2024-11-21 18:45:00,0.025560161,False,train,0.025560161,False,return_temp_c
2024-11-22 06:45:00,0.011941395,False,train,0.011941395,False,return_temp_c
2024-11-22 18:45:00,0.012680054,False,train,0.012680054,False,return_temp_c
2024-11-23 06:45:00,0.009549492,False,train,0.009549492,False,return_temp_c
2024-11-23 18:45:00,0.012692331,False,train,0.012692331,False,return_temp_c
2024-11-24 06:45:00,0.011882589,False,train,0.011882589,False,return_temp_c
2024-11-24 18:45:00,0.021655938,False,train,0.021655938,False,return_temp_c
2024-11-25 06:45:00,0.017589862,False,train,0.017589862,False,return_temp_c
2024-11-25 18:45:00,0.013446398,False,train,0.013446398,False,return_temp_c
2024-11-26 06:45:00,0.015623408,False,train,0.015623408,False,return_temp_c
2024-11-26 18:45:00,0.009986089,False,train,0.009986089,False,return_temp_c
2024-11-27 06:45:00,0.011973831,False,train,0.011973831,False,return_temp_c
2024-11-27 18:45:00,0.015994944,False,train,0.015994944,False,return_temp_c
2024-11-28 06:45:00,0.012633373,False,train,0.012633373,False,return_temp_c
2024-11-28 18:45:00,0.016834762,False,train,0.016834762,False,return_temp_c
2024-11-29 06:45:00,0.024235055,False,train,0.024235055,False,return_temp_c
2024-11-29 18:45:00,0.018645247,False,train,0.018645247,False,return_temp_c
2024-11-30 06:45:00,0.016632376,False,train,0.016632376,False,return_temp_c
2024-11-30 18:45:00,0.011161399,False,train,0.011161399,False,return_temp_c
2024-12-01 06:45:00,0.012332111,False,train,0.012332111,False,return_temp_c
2024-12-01 18:45:00,0.01001539,False,train,0.01001539,False,return_temp_c
2024-12-02 06:45:00,0.010569808,False,train,0.010569808,False,return_temp_c
2024-12-02 18:45:00,0.007417777,False,train,0.007417777,False,return_temp_c
2024-12-03 06:45:00,0.0073269866,False,train,0.0073269866,False,return_temp_c
2024-12-03 18:45:00,0.013899106,False,train,0.013899106,False,return_temp_c
2024-12-04 06:45:00,0.008446598,False,train,0.008446598,False,return_temp_c
2024-12-04 18:45:00,0.013314529,False,train,0.013314529,False,return_temp_c
2024-12-05 06:45:00,0.0071123824,False,train,0.0071123824,False,return_temp_c
2024-12-05 18:45:00,0.008604421,False,train,0.008604421,False,return_temp_c
2024-12-06 06:45:00,0.008895462,False,train,0.008895462,False,return_temp_c
2024-12-06 18:45:00,0.01319193,False,train,0.01319193,False,return_temp_c
2024-12-07 06:45:00,0.007052967,False,train,0.007052967,False,return_temp_c
2024-12-07 18:45:00,0.0088764075,False,train,0.0088764075,False,return_temp_c
2024-12-08 06:45:00,0.019255554,False,train,0.019255554,False,return_temp_c
2024-12-08 18:45:00,0.01952896,False,train,0.01952896,False,return_temp_c
2024-12-09 06:45:00,0.035562076,False,train,0.035562076,False,return_temp_c
2024-12-09 18:45:00,0.016468914,False,train,0.016468914,False,return_temp_c
2024-12-10 06:45:00,0.015362788,False,train,0.015362788,False,return_temp_c
2024-12-10 18:45:00,0.017107572,False,train,0.017107572,False,return_temp_c
2024-12-11 06:45:00,0.008817395,False,train,0.008817395,False,return_temp_c
2024-12-11 18:45:00,0.02482645,False,train,0.02482645,False,return_temp_c
2024-12-12 06:45:00,0.011105192,False,train,0.011105192,False,return_temp_c
2024-12-12 18:45:00,0.021384494,False,train,0.021384494,False,return_temp_c
2024-12-13 06:45:00,0.026640175,False,train,0.026640175,False,return_temp_c
2024-12-13 18:45:00,0.015098075,False,train,0.015098075,False,return_temp_c
2024-12-14 06:45:00,0.0074884756,False,train,0.0074884756,False,return_temp_c
2024-12-14 18:45:00,0.011847485,False,train,0.011847485,False,return_temp_c
2024-12-15 06:45:00,0.0083540315,False,train,0.0083540315,False,return_temp_c
2024-12-15 18:45:00,0.011340429,False,train,0.011340429,False,return_temp_c
2024-12-16 06:45:00,0.009799187,False,train,0.009799187,False,return_temp_c
2024-12-16 18:45:00,0.016250223,False,train,0.016250223,False,return_temp_c
2024-12-17 06:45:00,0.0067186733,False,train,0.0067186733,False,return_temp_c
2024-12-17 18:45:00,0.016705906,False,train,0.016705906,False,return_temp_c
2024-12-18 06:45:00,0.016468113,False,train,0.016468113,False,return_temp_c
2024-12-18 18:45:00,0.01332362,False,train,0.01332362,False,return_temp_c
2024-12-19 06:45:00,0.007430855,False,train,0.007430855,False,return_temp_c
2024-12-19 18:45:00,0.012693976,False,train,0.012693976,False,return_temp_c
2024-12-20 06:45:00,0.007941319,False,train,0.007941319,False,return_temp_c
2024-12-20 18:45:00,0.008284333,False,train,0.008284333,False,return_temp_c
2024-12-21 06:45:00,0.0050200936,False,train,0.0050200936,False,return_temp_c
2024-12-21 18:45:00,0.009152562,False,train,0.009152562,False,return_temp_c
2024-12-22 06:45:00,0.010204329,False,train,0.010204329,False,return_temp_c
2024-12-22 18:45:00,0.013808519,False,train,0.013808519,False,return_temp_c
2024-12-23 06:45:00,0.018366471,False,train,0.018366471,False,return_temp_c
2024-12-23 18:45:00,0.011256978,False,train,0.011256978,False,return_temp_c
2024-12-24 06:45:00,0.0074523166,False,train,0.0074523166,False,return_temp_c
2024-12-24 18:45:00,0.007327259,False,train,0.007327259,False,return_temp_c
2024-12-25 06:45:00,0.008618623,False,train,0.008618623,False,return_temp_c
2024-12-25 18:45:00,0.010527813,False,train,0.010527813,False,return_temp_c
2024-12-26 06:45:00,0.008704024,False,train,0.008704024,False,return_temp_c
2024-12-26 18:45:00,0.017293854,False,train,0.017293854,False,return_temp_c
2024-12-27 06:45:00,0.012638514,False,train,0.012638514,False,return_temp_c
2024-12-27 18:45:00,0.011434068,False,train,0.011434068,False,return_temp_c
2024-12-28 06:45:00,0.005895946,False,train,0.005895946,False,return_temp_c
2024-12-28 18:45:00,0.011859961,False,train,0.011859961,False,return_temp_c
2024-12-29 06:45:00,0.010610484,False,train,0.010610484,False,return_temp_c
2024-12-29 18:45:00,0.011340633,False,train,0.011340633,False,return_temp_c
2024-12-30 06:45:00,0.009556272,False,train,0.009556272,False,return_temp_c
2024-12-30 18:45:00,0.009186129,False,train,0.009186129,False,return_temp_c
2024-12-31 06:45:00,0.008445523,False,train,0.008445523,False,return_temp_c
2024-12-31 18:45:00,0.007496396,False,train,0.007496396,False,return_temp_c
2025-01-01 06:45:00,0.00713859,False,train,0.00713859,False,return_temp_c
2025-01-01 18:45:00,0.0065291226,False,train,0.0065291226,False,return_temp_c
2025-01-02 06:45:00,0.0053850883,False,train,0.0053850883,False,return_temp_c
2025-01-02 18:45:00,0.01053521,False,train,0.01053521,False,return_temp_c
2025-01-03 06:45:00,0.011898751,False,train,0.011898751,False,return_temp_c
2025-01-03 18:45:00,0.010426454,False,train,0.010426454,False,return_temp_c
2025-01-04 06:45:00,0.011750142,False,train,0.011750142,False,return_temp_c
2025-01-04 18:45:00,0.012699028,False,train,0.012699028,False,return_temp_c
2025-01-05 06:45:00,0.01710896,False,train,0.01710896,False,return_temp_c
2025-01-05 18:45:00,0.011234139,False,train,0.011234139,False,return_temp_c
2025-01-06 06:45:00,0.008550209,False,train,0.008550209,False,return_temp_c
2025-01-06 18:45:00,0.011642408,False,train,0.011642408,False,return_temp_c
2025-01-07 06:45:00,0.008637245,False,train,0.008637245,False,return_temp_c
2025-01-07 18:45:00,0.015411326,False,train,0.015411326,False,return_temp_c
2025-01-08 06:45:00,0.013183169,False,train,0.013183169,False,return_temp_c
2025-01-08 18:45:00,0.05292125,False,train,0.05292125,False,return_temp_c
2025-01-09 06:45:00,0.08096195,True,train,0.08096195,True,return_temp_c
2025-01-09 18:45:00,0.024769783,False,train,0.024769783,False,return_temp_c
2025-01-10 06:45:00,0.02476349,False,train,0.02476349,False,return_temp_c
2025-01-10 18:45:00,0.018975588,False,train,0.018975588,False,return_temp_c
2025-01-11 06:45:00,0.014519134,False,train,0.014519134,False,return_temp_c
2025-01-11 18:45:00,0.021515638,False,train,0.021515638,False,return_temp_c
2025-01-12 06:45:00,0.013986696,False,train,0.013986696,False,return_temp_c
2025-01-12 18:45:00,0.02463411,False,train,0.02463411,False,return_temp_c
2025-01-13 06:45:00,0.021357441,False,train,0.021357441,False,return_temp_c
2025-01-13 18:45:00,0.015230536,False,train,0.015230536,False,return_temp_c
2025-01-14 06:45:00,0.014549476,False,train,0.014549476,False,return_temp_c
2025-01-14 18:45:00,0.021536529,False,train,0.021536529,False,return_temp_c
2025-01-15 06:45:00,0.017224297,False,train,0.017224297,False,return_temp_c
2025-01-15 18:45:00,0.026556231,False,train,0.026556231,False,return_temp_c
2025-01-16 06:45:00,0.022184798,False,train,0.022184798,False,return_temp_c
2025-01-16 18:45:00,0.0343567,False,train,0.0343567,False,return_temp_c
2025-01-17 06:45:00,0.009351066,False,train,0.009351066,False,return_temp_c
2025-01-17 18:45:00,0.01992262,False,train,0.01992262,False,return_temp_c
2025-01-18 06:45:00,0.018987743,False,train,0.018987743,False,return_temp_c
2025-01-18 18:45:00,0.018224364,False,train,0.018224364,False,return_temp_c
2025-01-19 06:45:00,0.023929909,False,train,0.023929909,False,return_temp_c
2025-01-19 18:45:00,0.012188323,False,train,0.012188323,False,return_temp_c
2025-01-20 06:45:00,0.020138917,False,train,0.020138917,False,return_temp_c
2025-01-20 18:45:00,0.02872028,False,train,0.02872028,False,return_temp_c
2025-01-21 06:45:00,0.023582637,False,train,0.023582637,False,return_temp_c
2025-01-21 18:45:00,0.060761735,False,train,0.060761735,False,return_temp_c
2025-01-22 06:45:00,0.02778981,False,train,0.02778981,False,return_temp_c
2025-01-22 18:45:00,0.022505911,False,train,0.022505911,False,return_temp_c
2025-01-23 06:45:00,0.04684879,False,train,0.04684879,False,return_temp_c
2025-01-23 18:45:00,0.022151215,False,train,0.022151215,False,return_temp_c
2025-01-24 06:45:00,0.020830126,False,train,0.020830126,False,return_temp_c
2025-01-24 18:45:00,0.029395357,False,train,0.029395357,False,return_temp_c
2025-01-25 06:45:00,0.022227243,False,train,0.022227243,False,return_temp_c
2025-01-25 18:45:00,0.03080324,False,train,0.03080324,False,return_temp_c
2025-01-26 06:45:00,0.008188737,False,train,0.008188737,False,return_temp_c
2025-01-26 18:45:00,0.010129874,False,train,0.010129874,False,return_temp_c
2025-01-27 06:45:00,0.024677226,False,train,0.024677226,False,return_temp_c
2025-01-27 18:45:00,0.027429836,False,train,0.027429836,False,return_temp_c
2025-01-28 06:45:00,0.052277356,False,train,0.052277356,False,return_temp_c
2025-01-28 18:45:00,0.030370997,False,train,0.030370997,False,return_temp_c
2025-01-29 06:45:00,0.020134786,False,train,0.020134786,False,return_temp_c
2025-01-29 18:45:00,0.043267045,False,train,0.043267045,False,return_temp_c
2025-01-30 06:45:00,0.042057294,False,train,0.042057294,False,return_temp_c
2025-01-30 18:45:00,0.018548978,False,train,0.018548978,False,return_temp_c
2025-01-31 06:45:00,0.010019745,False,train,0.010019745,False,return_temp_c
2025-01-31 18:45:00,0.01394965,False,train,0.01394965,False,return_temp_c
2025-02-01 06:45:00,0.009603419,False,train,0.009603419,False,return_temp_c
2025-02-01 18:45:00,0.020822614,False,train,0.020822614,False,return_temp_c
2025-02-02 06:45:00,0.016236601,False,train,0.016236601,False,return_temp_c
2025-02-02 18:45:00,0.03568888,False,train,0.03568888,False,return_temp_c
2025-02-03 06:45:00,0.013958555,False,train,0.013958555,False,return_temp_c
2025-02-03 18:45:00,0.033109684,False,train,0.033109684,False,return_temp_c
2025-02-04 06:45:00,0.026294552,False,train,0.026294552,False,return_temp_c
2025-02-04 18:45:00,0.055544574,False,train,0.055544574,False,return_temp_c
2025-02-05 06:45:00,0.026634404,False,train,0.026634404,False,return_temp_c
2025-02-05 18:45:00,0.027961574,False,train,0.027961574,False,return_temp_c
2025-02-06 06:45:00,0.04406537,False,train,0.04406537,False,return_temp_c
2025-02-06 18:45:00,0.041185405,False,train,0.041185405,False,return_temp_c
2025-02-07 06:45:00,0.012352438,False,train,0.012352438,False,return_temp_c
2025-02-07 18:45:00,0.032072432,False,train,0.032072432,False,return_temp_c
2025-02-08 06:45:00,0.006712923,False,train,0.006712923,False,return_temp_c
2025-02-08 18:45:00,0.004872427,False,train,0.004872427,False,return_temp_c
2025-02-09 06:45:00,0.009571197,False,train,0.009571197,False,return_temp_c
2025-02-09 18:45:00,0.016187416,False,train,0.016187416,False,return_temp_c
2025-02-10 06:45:00,0.02003389,False,train,0.02003389,False,return_temp_c
2025-02-10 18:45:00,0.032402504,False,train,0.032402504,False,return_temp_c
2025-02-11 06:45:00,0.021123031,False,train,0.021123031,False,return_temp_c
2025-02-11 18:45:00,0.039193526,False,train,0.039193526,False,return_temp_c
2025-02-12 06:45:00,0.025374532,False,train,0.025374532,False,return_temp_c
2025-02-12 18:45:00,0.033274774,False,train,0.033274774,False,return_temp_c
2025-02-13 06:45:00,0.022928754,False,train,0.022928754,False,return_temp_c
2025-02-13 18:45:00,0.014385596,False,train,0.014385596,False,return_temp_c
2025-02-14 06:45:00,0.010113128,False,train,0.010113128,False,return_temp_c
2025-02-14 18:45:00,0.010149338,False,train,0.010149338,False,return_temp_c
2025-02-15 06:45:00,0.010912977,False,train,0.010912977,False,return_temp_c
2025-02-15 18:45:00,0.012107632,False,train,0.012107632,False,return_temp_c
2025-02-16 06:45:00,0.009455672,False,train,0.009455672,False,return_temp_c
2025-02-16 18:45:00,0.007607804,False,train,0.007607804,False,return_temp_c
2025-02-17 06:45:00,0.015708858,False,train,0.015708858,False,return_temp_c
2025-02-17 18:45:00,0.019306457,False,train,0.019306457,False,return_temp_c
2025-02-18 06:45:00,0.014985279,False,train,0.014985279,False,return_temp_c
2025-02-18 18:45:00,0.024231143,False,train,0.024231143,False,return_temp_c
2025-02-19 06:45:00,0.019531077,False,train,0.019531077,False,return_temp_c
2025-02-19 18:45:00,0.036324453,False,train,0.036324453,False,return_temp_c
2025-02-20 06:45:00,0.008098007,False,train,0.008098007,False,return_temp_c
2025-02-20 18:45:00,0.0070721316,False,train,0.0070721316,False,return_temp_c
2025-02-21 06:45:00,0.0096919015,False,train,0.0096919015,False,return_temp_c
2025-02-21 18:45:00,0.0042959177,False,train,0.0042959177,False,return_temp_c
2025-02-22 06:45:00,0.008234975,False,train,0.008234975,False,return_temp_c
2025-02-22 18:45:00,0.01327648,False,train,0.01327648,False,return_temp_c
2025-02-23 06:45:00,0.011820934,False,train,0.011820934,False,return_temp_c
2025-02-23 18:45:00,0.008828108,False,train,0.008828108,False,return_temp_c
2025-02-24 06:45:00,0.013097543,False,train,0.013097543,False,return_temp_c
2025-02-24 18:45:00,0.017202653,False,train,0.017202653,False,return_temp_c
2025-02-25 06:45:00,0.013547897,False,train,0.013547897,False,return_temp_c
2025-02-25 18:45:00,0.013058574,False,train,0.013058574,False,return_temp_c
2025-02-26 06:45:00,0.015373004,False,train,0.015373004,False,return_temp_c
2025-02-26 18:45:00,0.027493745,False,train,0.027493745,False,return_temp_c
2025-02-27 06:45:00,0.037408233,False,train,0.037408233,False,return_temp_c
2025-02-27 18:45:00,0.021740446,False,train,0.021740446,False,return_temp_c
2025-02-28 06:45:00,0.021876076,False,train,0.021876076,False,return_temp_c
2025-02-28 18:45:00,0.034663863,False,train,0.034663863,False,return_temp_c
2025-03-01 06:45:00,0.024475468,False,train,0.024475468,False,return_temp_c
2025-03-01 18:45:00,0.019467548,False,train,0.019467548,False,return_temp_c
2025-03-02 06:45:00,0.03888443,False,train,0.03888443,False,return_temp_c
2025-03-02 18:45:00,0.04216793,False,train,0.04216793,False,return_temp_c
2025-03-03 06:45:00,0.0350456,False,train,0.0350456,False,return_temp_c
2025-03-03 18:45:00,0.01803084,False,train,0.01803084,False,return_temp_c
2025-03-04 06:45:00,0.025544712,False,train,0.025544712,False,return_temp_c
2025-03-04 18:45:00,0.013091673,False,train,0.013091673,False,return_temp_c
2025-03-05 06:45:00,0.0043240795,False,train,0.0043240795,False,return_temp_c
2025-03-05 18:45:00,0.0070899385,False,train,0.0070899385,False,return_temp_c
2025-03-06 06:45:00,0.024997247,False,train,0.024997247,False,return_temp_c
2025-03-06 18:45:00,0.037102297,False,train,0.037102297,False,return_temp_c
2025-03-07 06:45:00,0.019650927,False,train,0.019650927,False,return_temp_c
2025-03-07 18:45:00,0.02334706,False,train,0.02334706,False,return_temp_c
2025-03-08 06:45:00,0.047095764,False,train,0.047095764,False,return_temp_c
2025-03-08 18:45:00,0.020179207,False,train,0.020179207,False,return_temp_c
2025-03-09 06:45:00,0.02868616,False,train,0.02868616,False,return_temp_c
2025-03-09 18:45:00,0.029144168,False,train,0.029144168,False,return_temp_c
2025-03-10 06:45:00,0.03170097,False,train,0.03170097,False,return_temp_c
2025-03-10 18:45:00,0.010457425,False,train,0.010457425,False,return_temp_c
2025-03-11 06:45:00,0.028883139,False,train,0.028883139,False,return_temp_c
2025-03-11 18:45:00,0.037886884,False,train,0.037886884,False,return_temp_c
2025-03-12 06:45:00,0.016176589,False,train,0.016176589,False,return_temp_c
2025-03-12 18:45:00,0.013249744,False,train,0.013249744,False,return_temp_c
2025-03-13 06:45:00,0.0079199895,False,train,0.0079199895,False,return_temp_c
2025-03-13 18:45:00,0.0075651444,False,train,0.0075651444,False,return_temp_c
2025-03-14 06:45:00,0.014410232,False,train,0.014410232,False,return_temp_c
2025-03-14 18:45:00,0.013054629,False,train,0.013054629,False,return_temp_c
2025-03-15 06:45:00,0.0063791126,False,train,0.0063791126,False,return_temp_c
2025-03-15 18:45:00,0.012012855,False,train,0.012012855,False,return_temp_c
2025-03-16 06:45:00,0.014906716,False,train,0.014906716,False,return_temp_c
2025-03-17 18:45:00,0.013200513,False,train,0.013200513,False,return_temp_c
2025-03-18 06:45:00,0.0071630883,False,train,0.0071630883,False,return_temp_c
2025-03-18 18:45:00,0.010668725,False,train,0.010668725,False,return_temp_c
2025-03-19 06:45:00,0.009154511,False,train,0.009154511,False,return_temp_c
2025-03-19 18:45:00,0.03275325,False,train,0.03275325,False,return_temp_c
2025-03-20 06:45:00,0.037733037,False,train,0.037733037,False,return_temp_c
2025-03-20 18:45:00,0.04442029,False,train,0.04442029,False,return_temp_c
2025-03-21 06:45:00,0.018940212,False,train,0.018940212,False,return_temp_c
2025-03-21 18:45:00,0.015351795,False,train,0.015351795,False,return_temp_c
2025-03-22 06:45:00,0.010814343,False,train,0.010814343,False,return_temp_c
2025-03-22 18:45:00,0.011874524,False,train,0.011874524,False,return_temp_c
2025-03-23 06:45:00,0.015068608,False,train,0.015068608,False,return_temp_c
2025-03-23 18:45:00,0.019052321,False,train,0.019052321,False,return_temp_c
2025-03-24 06:45:00,0.012997113,False,train,0.012997113,False,return_temp_c
2025-03-24 18:45:00,0.029502168,False,train,0.029502168,False,return_temp_c
2025-03-25 06:45:00,0.019942204,False,train,0.019942204,False,return_temp_c
2025-03-25 18:45:00,0.035447415,False,train,0.035447415,False,return_temp_c
2025-03-26 06:45:00,0.01027002,False,train,0.01027002,False,return_temp_c
2025-03-26 18:45:00,0.010936747,False,train,0.010936747,False,return_temp_c
2025-03-27 06:45:00,0.012435415,False,train,0.012435415,False,return_temp_c
2025-03-27 18:45:00,0.015957488,False,train,0.015957488,False,return_temp_c
2025-03-28 06:45:00,0.013777588,False,train,0.013777588,False,return_temp_c
2025-03-28 18:45:00,0.01789559,False,train,0.01789559,False,return_temp_c
2025-03-29 06:45:00,0.023334071,False,train,0.023334071,False,return_temp_c
2025-03-29 18:45:00,0.02611857,False,train,0.02611857,False,return_temp_c
2025-03-30 06:45:00,0.017088024,False,train,0.017088024,False,return_temp_c
2025-03-30 18:45:00,0.02544787,False,train,0.02544787,False,return_temp_c
2025-03-31 06:45:00,0.021094406,False,train,0.021094406,False,return_temp_c
2025-03-31 18:45:00,0.030645847,False,train,0.030645847,False,return_temp_c
2025-04-01 06:45:00,0.025173403,False,train,0.025173403,False,return_temp_c
2025-04-01 18:45:00,0.015740661,False,train,0.015740661,False,return_temp_c
2025-04-02 06:45:00,0.023815477,False,train,0.023815477,False,return_temp_c
2025-04-02 18:45:00,0.025164686,False,train,0.025164686,False,return_temp_c
2025-04-03 06:45:00,0.018519022,False,train,0.018519022,False,return_temp_c
2025-04-03 18:45:00,0.027568454,False,train,0.027568454,False,return_temp_c
2025-04-04 06:45:00,0.027290335,False,train,0.027290335,False,return_temp_c
2025-04-04 18:45:00,0.020279258,False,train,0.020279258,False,return_temp_c
2025-04-05 06:45:00,0.024757182,False,train,0.024757182,False,return_temp_c
2025-04-05 18:45:00,0.03131799,False,train,0.03131799,False,return_temp_c
2025-04-06 06:45:00,0.035857975,False,train,0.035857975,False,return_temp_c
2025-04-06 18:45:00,0.025846655,False,train,0.025846655,False,return_temp_c
2025-04-07 06:45:00,0.052646026,False,train,0.052646026,False,return_temp_c
2025-04-07 18:45:00,0.04115734,False,train,0.04115734,False,return_temp_c
2025-04-08 06:45:00,0.04325906,False,train,0.04325906,False,return_temp_c
2025-04-08 18:45:00,0.035339203,False,train,0.035339203,False,return_temp_c
2025-04-09 06:45:00,0.038633887,False,train,0.038633887,False,return_temp_c
2025-04-09 18:45:00,0.037123926,False,test,0.037123926,False,return_temp_c
2025-04-10 06:45:00,0.048434887,False,test,0.048434887,False,return_temp_c
2025-04-10 18:45:00,0.044083524,False,test,0.044083524,False,return_temp_c
2025-04-11 06:45:00,0.030629896,False,test,0.030629896,False,return_temp_c
2025-04-11 18:45:00,0.027661508,False,test,0.027661508,False,return_temp_c
2025-04-12 06:45:00,0.02148734,False,test,0.02148734,False,return_temp_c
2025-04-12 18:45:00,0.02750732,False,test,0.02750732,False,return_temp_c
2025-04-13 06:45:00,0.034287695,False,test,0.034287695,False,return_temp_c
2025-04-13 18:45:00,0.032984275,False,test,0.032984275,False,return_temp_c
2025-04-14 06:45:00,0.022735462,False,test,0.022735462,False,return_temp_c
2025-04-14 18:45:00,0.022094578,False,test,0.022094578,False,return_temp_c
2025-04-15 06:45:00,0.030020563,False,test,0.030020563,False,return_temp_c
2025-04-15 18:45:00,0.037712917,False,test,0.037712917,False,return_temp_c
2025-04-16 06:45:00,0.02150604,False,test,0.02150604,False,return_temp_c
2025-04-16 18:45:00,0.020484935,False,test,0.020484935,False,return_temp_c
2025-04-17 06:45:00,0.027057223,False,test,0.027057223,False,return_temp_c
2025-04-17 18:45:00,0.03153505,False,test,0.03153505,False,return_temp_c
2025-04-18 06:45:00,0.019929485,False,test,0.019929485,False,return_temp_c
2025-04-18 18:45:00,0.022327097,False,test,0.022327097,False,return_temp_c
2025-04-19 06:45:00,0.014418659,False,test,0.014418659,False,return_temp_c
2025-04-19 18:45:00,0.031385615,False,test,0.031385615,False,return_temp_c
2025-04-20 06:45:00,0.04120456,False,test,0.04120456,False,return_temp_c
2025-04-20 18:45:00,0.034479514,False,test,0.034479514,False,return_temp_c
2025-04-21 06:45:00,0.03403807,False,test,0.03403807,False,return_temp_c
2025-04-21 18:45:00,0.037346344,False,test,0.037346344,False,return_temp_c
2025-04-22 06:45:00,0.048537027,False,test,0.048537027,False,return_temp_c
2025-04-22 18:45:00,0.03323585,False,test,0.03323585,False,return_temp_c
2025-04-23 06:45:00,0.032637123,False,test,0.032637123,False,return_temp_c
2025-04-23 18:45:00,0.037819613,False,test,0.037819613,False,return_temp_c
2025-04-24 06:45:00,0.027384631,False,test,0.027384631,False,return_temp_c
2025-04-24 18:45:00,0.028191788,False,test,0.028191788,False,return_temp_c
2025-04-25 06:45:00,0.025382562,False,test,0.025382562,False,return_temp_c
2025-04-25 18:45:00,0.034191087,False,test,0.034191087,False,return_temp_c
2025-04-26 06:45:00,0.025261736,False,test,0.025261736,False,return_temp_c
2025-04-26 18:45:00,0.019328862,False,test,0.019328862,False,return_temp_c
2025-04-27 06:45:00,0.018180475,False,test,0.018180475,False,return_temp_c
2025-04-29 06:45:00,0.044912282,False,test,0.044912282,False,return_temp_c
2025-04-29 18:45:00,0.030676901,False,test,0.030676901,False,return_temp_c
2025-04-30 06:45:00,0.023627803,False,test,0.023627803,False,return_temp_c
2025-04-30 18:45:00,0.04391977,False,test,0.04391977,False,return_temp_c
2025-05-01 06:45:00,0.07180035,True,test,0.07180035,True,return_temp_c
2025-05-01 18:45:00,0.049886778,False,test,0.049886778,False,return_temp_c
2025-05-02 06:45:00,0.024576485,False,test,0.024576485,False,return_temp_c
2025-05-02 18:45:00,0.030132115,False,test,0.030132115,False,return_temp_c
2025-05-03 06:45:00,0.02883087,False,test,0.02883087,False,return_temp_c
2025-05-03 18:45:00,0.018819878,False,test,0.018819878,False,return_temp_c
2025-05-04 06:45:00,0.02766144,False,test,0.02766144,False,return_temp_c
2025-05-04 18:45:00,0.027804852,False,test,0.027804852,False,return_temp_c
2025-05-05 06:45:00,0.023852983,False,test,0.023852983,False,return_temp_c
2025-05-05 18:45:00,0.022182694,False,test,0.022182694,False,return_temp_c
2025-05-06 06:45:00,0.031088548,False,test,0.031088548,False,return_temp_c
2025-05-06 18:45:00,0.036769923,False,test,0.036769923,False,return_temp_c
2025-05-07 06:45:00,0.018917454,False,test,0.018917454,False,return_temp_c
2025-05-07 18:45:00,0.01758706,False,test,0.01758706,False,return_temp_c
2025-05-08 06:45:00,0.016061714,False,test,0.016061714,False,return_temp_c
2025-05-08 18:45:00,0.025518702,False,test,0.025518702,False,return_temp_c
2025-05-09 06:45:00,0.023979494,False,test,0.023979494,False,return_temp_c
2025-05-09 18:45:00,0.015302801,False,test,0.015302801,False,return_temp_c
2025-05-10 06:45:00,0.019147022,False,test,0.019147022,False,return_temp_c
2025-05-10 18:45:00,0.019815309,False,test,0.019815309,False,return_temp_c
2025-05-11 06:45:00,0.020261494,False,test,0.020261494,False,return_temp_c
2025-05-11 18:45:00,0.022740832,False,test,0.022740832,False,return_temp_c
2025-05-12 06:45:00,0.011573612,False,test,0.011573612,False,return_temp_c
2025-05-12 18:45:00,0.013351678,False,test,0.013351678,False,return_temp_c
2025-05-13 06:45:00,0.014188062,False,test,0.014188062,False,return_temp_c
2025-05-13 18:45:00,0.015936801,False,test,0.015936801,False,return_temp_c
2025-05-14 06:45:00,0.021902226,False,test,0.021902226,False,return_temp_c
2025-05-14 18:45:00,0.022721812,False,test,0.022721812,False,return_temp_c
2025-05-15 06:45:00,0.016284993,False,test,0.016284993,False,return_temp_c
2025-05-15 18:45:00,0.021458916,False,test,0.021458916,False,return_temp_c
2025-05-16 06:45:00,0.016804505,False,test,0.016804505,False,return_temp_c
2025-05-16 18:45:00,0.01940549,False,test,0.01940549,False,return_temp_c
2025-05-17 06:45:00,0.031233968,False,test,0.031233968,False,return_temp_c
2025-05-17 18:45:00,0.03310403,False,test,0.03310403,False,return_temp_c
2025-05-18 06:45:00,0.025446355,False,test,0.025446355,False,return_temp_c
2025-05-18 18:45:00,0.02747305,False,test,0.02747305,False,return_temp_c
2025-05-19 06:45:00,0.020785447,False,test,0.020785447,False,return_temp_c
2025-05-19 18:45:00,0.03303304,False,test,0.03303304,False,return_temp_c
2025-05-20 06:45:00,0.030019112,False,test,0.030019112,False,return_temp_c
2025-05-20 18:45:00,0.0331919,False,test,0.0331919,False,return_temp_c
2025-05-21 06:45:00,0.040104564,False,test,0.040104564,False,return_temp_c
2025-05-21 18:45:00,0.03400407,False,test,0.03400407,False,return_temp_c
2025-05-22 06:45:00,0.022633046,False,test,0.022633046,False,return_temp_c
2025-05-22 18:45:00,0.024121901,False,test,0.024121901,False,return_temp_c
2025-05-23 06:45:00,0.025137393,False,test,0.025137393,False,return_temp_c
2025-05-23 18:45:00,0.021604126,False,test,0.021604126,False,return_temp_c
2025-05-24 06:45:00,0.013143275,False,test,0.013143275,False,return_temp_c
2025-05-24 18:45:00,0.016630393,False,test,0.016630393,False,return_temp_c
2025-05-25 06:45:00,0.02140733,False,test,0.02140733,False,return_temp_c
2025-05-25 18:45:00,0.01620365,False,test,0.01620365,False,return_temp_c
2025-05-26 06:45:00,0.020531312,False,test,0.020531312,False,return_temp_c
2025-05-26 18:45:00,0.026501378,False,test,0.026501378,False,return_temp_c
2025-05-27 06:45:00,0.036603134,False,test,0.036603134,False,return_temp_c
2025-05-27 18:45:00,0.0342043,False,test,0.0342043,False,return_temp_c
2025-05-28 06:45:00,0.022493834,False,test,0.022493834,False,return_temp_c
2025-05-28 18:45:00,0.016409604,False,test,0.016409604,False,return_temp_c
2025-05-29 06:45:00,0.020344289,False,test,0.020344289,False,return_temp_c
2025-05-29 18:45:00,0.010940484,False,test,0.010940484,False,return_temp_c
2025-05-30 06:45:00,0.009969527,False,test,0.009969527,False,return_temp_c
2025-05-30 18:45:00,0.0116617195,False,test,0.0116617195,False,return_temp_c
2025-05-31 06:45:00,0.009270265,False,test,0.009270265,False,return_temp_c
2025-05-31 18:45:00,0.008916928,False,test,0.008916928,False,return_temp_c
2025-06-01 06:45:00,0.006187947,False,test,0.006187947,False,return_temp_c
2025-06-01 18:45:00,0.005523333,False,test,0.005523333,False,return_temp_c
2025-06-02 06:45:00,0.00840969,False,test,0.00840969,False,return_temp_c
2025-06-02 18:45:00,0.017433306,False,test,0.017433306,False,return_temp_c
2025-06-03 06:45:00,0.015685933,False,test,0.015685933,False,return_temp_c
2025-06-03 18:45:00,0.02021598,False,test,0.02021598,False,return_temp_c
2025-06-04 06:45:00,0.0069165886,False,test,0.0069165886,False,return_temp_c
2025-06-04 18:45:00,0.006076621,False,test,0.006076621,False,return_temp_c
2025-06-05 06:45:00,0.0053437217,False,test,0.0053437217,False,return_temp_c
2025-06-05 18:45:00,0.009426777,False,test,0.009426777,False,return_temp_c
2025-06-06 06:45:00,0.008895272,False,test,0.008895272,False,return_temp_c
2025-06-06 18:45:00,0.010108975,False,test,0.010108975,False,return_temp_c
2025-06-07 06:45:00,0.01178776,False,test,0.01178776,False,return_temp_c
2025-06-07 18:45:00,0.017862216,False,test,0.017862216,False,return_temp_c
2025-06-08 06:45:00,0.010550606,False,test,0.010550606,False,return_temp_c
2025-06-08 18:45:00,0.009361526,False,test,0.009361526,False,return_temp_c
2025-06-09 06:45:00,0.011171305,False,test,0.011171305,False,return_temp_c
2025-06-09 18:45:00,0.013689469,False,test,0.013689469,False,return_temp_c
2025-06-10 06:45:00,0.009020763,False,test,0.009020763,False,return_temp_c
2025-06-10 18:45:00,0.02758064,False,test,0.02758064,False,return_temp_c
2025-06-11 06:45:00,0.013064095,False,test,0.013064095,False,return_temp_c
2025-06-11 18:45:00,0.0063439813,False,test,0.0063439813,False,return_temp_c
2025-06-12 06:45:00,0.0067614825,False,test,0.0067614825,False,return_temp_c
2025-06-12 18:45:00,0.006351452,False,test,0.006351452,False,return_temp_c
2025-06-13 06:45:00,0.006626275,False,test,0.006626275,False,return_temp_c
2025-06-13 18:45:00,0.016288972,False,test,0.016288972,False,return_temp_c
2025-06-14 06:45:00,0.01554308,False,test,0.01554308,False,return_temp_c
2025-06-14 18:45:00,0.008296364,False,test,0.008296364,False,return_temp_c
2025-06-15 06:45:00,0.009752797,False,test,0.009752797,False,return_temp_c
2025-06-15 18:45:00,0.0072805495,False,test,0.0072805495,False,return_temp_c
2025-06-16 06:45:00,0.0056956434,False,test,0.0056956434,False,return_temp_c
2025-06-16 18:45:00,0.004696675,False,test,0.004696675,False,return_temp_c
2025-06-17 06:45:00,0.0052319705,False,test,0.0052319705,False,return_temp_c
2025-06-17 18:45:00,0.0061414544,False,test,0.0061414544,False,return_temp_c
2025-06-18 06:45:00,0.0045356415,False,test,0.0045356415,False,return_temp_c
2025-06-18 18:45:00,0.010468607,False,test,0.010468607,False,return_temp_c
2025-06-19 06:45:00,0.012911958,False,test,0.012911958,False,return_temp_c
2025-06-19 18:45:00,0.010274543,False,test,0.010274543,False,return_temp_c
2025-06-20 06:45:00,0.007686311,False,test,0.007686311,False,return_temp_c
2025-06-20 18:45:00,0.012416569,False,test,0.012416569,False,return_temp_c
2025-06-21 06:45:00,0.012111291,False,test,0.012111291,False,return_temp_c
2025-06-21 18:45:00,0.010823932,False,test,0.010823932,False,return_temp_c
2025-06-22 06:45:00,0.016222043,False,test,0.016222043,False,return_temp_c
2025-06-22 18:45:00,0.01781406,False,test,0.01781406,False,return_temp_c
2025-06-23 06:45:00,0.038623206,False,test,0.038623206,False,return_temp_c
2025-06-23 18:45:00,0.008051875,False,test,0.008051875,False,return_temp_c
2025-06-24 06:45:00,0.014274336,False,test,0.014274336,False,return_temp_c
2025-06-24 18:45:00,0.013433608,False,test,0.013433608,False,return_temp_c
2025-06-25 06:45:00,0.025623037,False,test,0.025623037,False,return_temp_c
2025-06-25 18:45:00,0.015070503,False,test,0.015070503,False,return_temp_c
2025-06-26 06:45:00,0.026335342,False,test,0.026335342,False,return_temp_c
2025-06-26 18:45:00,0.00895234,False,test,0.00895234,False,return_temp_c
2025-06-27 06:45:00,0.014528752,False,test,0.014528752,False,return_temp_c
2025-06-27 18:45:00,0.016208598,False,test,0.016208598,False,return_temp_c
2025-06-28 06:45:00,0.015142691,False,test,0.015142691,False,return_temp_c
2025-06-28 18:45:00,0.014941174,False,test,0.014941174,False,return_temp_c
2025-06-29 06:45:00,0.014681253,False,test,0.014681253,False,return_temp_c
2025-06-29 18:45:00,0.009698073,False,test,0.009698073,False,return_temp_c
2025-06-30 06:45:00,0.011786806,False,test,0.011786806,False,return_temp_c
2025-06-30 18:45:00,0.007421966,False,test,0.007421966,False,return_temp_c
2025-07-01 06:45:00,0.0056517874,False,test,0.0056517874,False,return_temp_c
2025-07-01 18:45:00,0.008659561,False,test,0.008659561,False,return_temp_c
2025-07-02 06:45:00,0.0026968895,False,test,0.0026968895,False,return_temp_c
2025-07-02 18:45:00,0.006158329,False,test,0.006158329,False,return_temp_c
2025-07-03 06:45:00,0.010821562,False,test,0.010821562,False,return_temp_c
2025-07-03 18:45:00,0.008354173,False,test,0.008354173,False,return_temp_c
2025-07-04 06:45:00,0.010685383,False,test,0.010685383,False,return_temp_c
2025-07-04 18:45:00,0.010251616,False,test,0.010251616,False,return_temp_c
2025-07-05 06:45:00,0.012590677,False,test,0.012590677,False,return_temp_c
2025-07-05 18:45:00,0.008442134,False,test,0.008442134,False,return_temp_c
2025-07-06 06:45:00,0.009757869,False,test,0.009757869,False,return_temp_c
2025-07-06 18:45:00,0.009083947,False,test,0.009083947,False,return_temp_c
2025-07-07 06:45:00,0.009278551,False,test,0.009278551,False,return_temp_c
2025-07-07 18:45:00,0.011240044,False,test,0.011240044,False,return_temp_c
2025-07-08 06:45:00,0.013981844,False,test,0.013981844,False,return_temp_c
2025-07-08 18:45:00,0.02343622,False,test,0.02343622,False,return_temp_c
2025-07-09 06:45:00,0.019304888,False,test,0.019304888,False,return_temp_c
2025-07-09 18:45:00,0.006126262,False,test,0.006126262,False,return_temp_c
2025-07-10 06:45:00,0.00693566,False,test,0.00693566,False,return_temp_c
2025-07-10 18:45:00,0.0043832776,False,test,0.0043832776,False,return_temp_c
2025-07-11 06:45:00,0.00482712,False,test,0.00482712,False,return_temp_c
2025-07-11 18:45:00,0.004281494,False,test,0.004281494,False,return_temp_c
2025-07-12 06:45:00,0.004204367,False,test,0.004204367,False,return_temp_c
2025-07-12 18:45:00,0.00462315,False,test,0.00462315,False,return_temp_c
2025-07-13 06:45:00,0.004131929,False,test,0.004131929,False,return_temp_c
2025-07-13 18:45:00,0.004241789,False,test,0.004241789,False,return_temp_c
2025-07-14 06:45:00,0.004363596,False,test,0.004363596,False,return_temp_c
2025-07-14 18:45:00,0.004285058,False,test,0.004285058,False,return_temp_c
2025-07-15 06:45:00,0.004367747,False,test,0.004367747,False,return_temp_c
