window_start,reconstruction_mse,is_reconstruction_anomaly,split,stabilized_flow_log_feature_reconstruction_mse,is_stabilized_flow_log_feature_channel_anomaly,dominant_anomalous_feature
2024-01-03 18:45:00,0.2711065,False,train,0.2711065,False,stabilized_flow_log_feature
2024-01-04 06:45:00,0.36884323,False,train,0.36884323,False,stabilized_flow_log_feature
2024-01-04 18:45:00,0.47596154,False,train,0.47596154,False,stabilized_flow_log_feature
2024-01-05 06:45:00,0.5855813,False,train,0.5855813,False,stabilized_flow_log_feature
2024-01-05 18:45:00,0.5210135,False,train,0.5210135,False,stabilized_flow_log_feature
2024-01-06 06:45:00,0.42195824,False,train,0.42195824,False,stabilized_flow_log_feature
2024-01-06 18:45:00,0.44980478,False,train,0.44980478,False,stabilized_flow_log_feature
2024-01-07 06:45:00,0.68861264,False,train,0.68861264,False,stabilized_flow_log_feature
2024-01-07 18:45:00,0.9593776,False,train,0.9593776,False,stabilized_flow_log_feature
2024-01-08 06:45:00,0.7820429,False,train,0.7820429,False,stabilized_flow_log_feature
2024-01-08 18:45:00,0.47393262,False,train,0.47393262,False,stabilized_flow_log_feature
2024-01-09 06:45:00,0.49345195,False,train,0.49345195,False,stabilized_flow_log_feature
2024-01-09 18:45:00,0.5582433,False,train,0.5582433,False,stabilized_flow_log_feature
2024-01-10 06:45:00,0.5368946,False,train,0.5368946,False,stabilized_flow_log_feature
2024-01-10 18:45:00,0.54748034,False,train,0.54748034,False,stabilized_flow_log_feature
2024-01-11 06:45:00,0.44784537,False,train,0.44784537,False,stabilized_flow_log_feature
2024-01-11 18:45:00,0.4667498,False,train,0.4667498,False,stabilized_flow_log_feature
2024-01-12 06:45:00,0.59582955,False,train,0.59582955,False,stabilized_flow_log_feature
2024-01-12 18:45:00,0.5329978,False,train,0.5329978,False,stabilized_flow_log_feature
2024-01-13 06:45:00,0.49039087,False,train,0.49039087,False,stabilized_flow_log_feature
2024-01-13 18:45:00,0.9601929,False,train,0.9601929,False,stabilized_flow_log_feature
2024-01-14 06:45:00,0.9434549,False,train,0.9434549,False,stabilized_flow_log_feature
2024-01-14 18:45:00,0.4154731,False,train,0.4154731,False,stabilized_flow_log_feature
2024-01-15 06:45:00,0.38970113,False,train,0.38970113,False,stabilized_flow_log_feature
2024-01-15 18:45:00,0.55049413,False,train,0.55049413,False,stabilized_flow_log_feature
2024-01-16 06:45:00,0.54312384,False,train,0.54312384,False,stabilized_flow_log_feature
2024-01-16 18:45:00,0.308321,False,train,0.308321,False,stabilized_flow_log_feature
2024-01-17 06:45:00,0.28206053,False,train,0.28206053,False,stabilized_flow_log_feature
2024-01-17 18:45:00,0.3046741,False,train,0.3046741,False,stabilized_flow_log_feature
2024-01-18 06:45:00,0.35996088,False,train,0.35996088,False,stabilized_flow_log_feature
2024-01-18 18:45:00,0.43591213,False,train,0.43591213,False,stabilized_flow_log_feature
2024-01-19 06:45:00,0.45077074,False,train,0.45077074,False,stabilized_flow_log_feature
2024-01-19 18:45:00,0.49447012,False,train,0.49447012,False,stabilized_flow_log_feature
2024-01-20 06:45:00,0.3689159,False,train,0.3689159,False,stabilized_flow_log_feature
2024-01-20 18:45:00,0.3198099,False,train,0.3198099,False,stabilized_flow_log_feature
2024-01-21 06:45:00,0.444688,False,train,0.444688,False,stabilized_flow_log_feature
2024-01-21 18:45:00,0.4088974,False,train,0.4088974,False,stabilized_flow_log_feature
2024-01-22 06:45:00,0.52281624,False,train,0.52281624,False,stabilized_flow_log_feature
2024-01-22 18:45:00,0.6373868,False,train,0.6373868,False,stabilized_flow_log_feature
2024-01-23 06:45:00,0.43926105,False,train,0.43926105,False,stabilized_flow_log_feature
2024-01-23 18:45:00,0.21799181,False,train,0.21799181,False,stabilized_flow_log_feature
2024-01-24 06:45:00,0.19547611,False,train,0.19547611,False,stabilized_flow_log_feature
2024-01-24 18:45:00,0.18960167,False,train,0.18960167,False,stabilized_flow_log_feature
2024-01-25 06:45:00,0.13932283,False,train,0.13932283,False,stabilized_flow_log_feature
2024-01-25 18:45:00,0.15464051,False,train,0.15464051,False,stabilized_flow_log_feature
2024-01-26 06:45:00,0.17768787,False,train,0.17768787,False,stabilized_flow_log_feature
2024-01-26 18:45:00,0.110864915,False,train,0.110864915,False,stabilized_flow_log_feature
2024-01-27 06:45:00,0.115933985,False,train,0.115933985,False,stabilized_flow_log_feature
2024-01-27 18:45:00,0.15121703,False,train,0.15121703,False,stabilized_flow_log_feature
2024-01-28 06:45:00,0.18249363,False,train,0.18249363,False,stabilized_flow_log_feature
2024-01-28 18:45:00,0.2779393,False,train,0.2779393,False,stabilized_flow_log_feature
2024-01-29 06:45:00,0.37292686,False,train,0.37292686,False,stabilized_flow_log_feature
2024-01-29 18:45:00,0.319283,False,train,0.319283,False,stabilized_flow_log_feature
2024-01-30 06:45:00,0.22316419,False,train,0.22316419,False,stabilized_flow_log_feature
2024-01-30 18:45:00,0.2663126,False,train,0.2663126,False,stabilized_flow_log_feature
2024-01-31 06:45:00,0.587539,False,train,0.587539,False,stabilized_flow_log_feature
2024-01-31 18:45:00,0.57042474,False,train,0.57042474,False,stabilized_flow_log_feature
2024-02-01 06:45:00,0.31945157,False,train,0.31945157,False,stabilized_flow_log_feature
2024-02-01 18:45:00,0.3152994,False,train,0.3152994,False,stabilized_flow_log_feature
2024-02-02 06:45:00,0.25481114,False,train,0.25481114,False,stabilized_flow_log_feature
2024-02-02 18:45:00,0.25141987,False,train,0.25141987,False,stabilized_flow_log_feature
2024-02-03 06:45:00,0.19819312,False,train,0.19819312,False,stabilized_flow_log_feature
2024-02-03 18:45:00,0.3196365,False,train,0.3196365,False,stabilized_flow_log_feature
2024-02-04 06:45:00,0.32728532,False,train,0.32728532,False,stabilized_flow_log_feature
2024-02-04 18:45:00,0.12661664,False,train,0.12661664,False,stabilized_flow_log_feature
2024-02-05 06:45:00,0.09570354,False,train,0.09570354,False,stabilized_flow_log_feature
2024-02-05 18:45:00,0.12779106,False,train,0.12779106,False,stabilized_flow_log_feature
2024-02-06 06:45:00,0.2129196,False,train,0.2129196,False,stabilized_flow_log_feature
2024-02-06 18:45:00,0.19849338,False,train,0.19849338,False,stabilized_flow_log_feature
2024-02-07 06:45:00,0.20146644,False,train,0.20146644,False,stabilized_flow_log_feature
2024-02-07 18:45:00,0.2253552,False,train,0.2253552,False,stabilized_flow_log_feature
2024-02-08 06:45:00,0.18206298,False,train,0.18206298,False,stabilized_flow_log_feature
2024-02-08 18:45:00,0.22205853,False,train,0.22205853,False,stabilized_flow_log_feature
2024-02-09 06:45:00,0.2307405,False,train,0.2307405,False,stabilized_flow_log_feature
2024-02-09 18:45:00,0.2970955,False,train,0.2970955,False,stabilized_flow_log_feature
2024-02-10 06:45:00,0.34465984,False,train,0.34465984,False,stabilized_flow_log_feature
2024-02-10 18:45:00,0.29848608,False,train,0.29848608,False,stabilized_flow_log_feature
2024-02-11 06:45:00,0.27445927,False,train,0.27445927,False,stabilized_flow_log_feature
2024-02-11 18:45:00,0.29179162,False,train,0.29179162,False,stabilized_flow_log_feature
2024-02-12 06:45:00,0.27849278,False,train,0.27849278,False,stabilized_flow_log_feature
2024-02-12 18:45:00,0.258537,False,train,0.258537,False,stabilized_flow_log_feature
2024-02-13 06:45:00,0.2451009,False,train,0.2451009,False,stabilized_flow_log_feature
2024-02-13 18:45:00,0.14478756,False,train,0.14478756,False,stabilized_flow_log_feature
2024-02-14 06:45:00,0.107165635,False,train,0.107165635,False,stabilized_flow_log_feature
2024-02-14 18:45:00,0.14188981,False,train,0.14188981,False,stabilized_flow_log_feature
2024-02-15 06:45:00,0.19740778,False,train,0.19740778,False,stabilized_flow_log_feature
2024-02-15 18:45:00,0.21877092,False,train,0.21877092,False,stabilized_flow_log_feature
2024-02-16 06:45:00,0.2135628,False,train,0.2135628,False,stabilized_flow_log_feature
2024-02-16 18:45:00,0.21301419,False,train,0.21301419,False,stabilized_flow_log_feature
2024-02-17 06:45:00,0.18273671,False,train,0.18273671,False,stabilized_flow_log_feature
2024-02-17 18:45:00,0.16989921,False,train,0.16989921,False,stabilized_flow_log_feature
2024-02-18 06:45:00,0.23545408,False,train,0.23545408,False,stabilized_flow_log_feature
2024-02-18 18:45:00,0.26747158,False,train,0.26747158,False,stabilized_flow_log_feature
2024-02-19 06:45:00,0.1508082,False,train,0.1508082,False,stabilized_flow_log_feature
2024-02-19 18:45:00,0.12445855,False,train,0.12445855,False,stabilized_flow_log_feature
2024-02-20 06:45:00,0.12533177,False,train,0.12533177,False,stabilized_flow_log_feature
2024-02-20 18:45:00,0.08154847,False,train,0.08154847,False,stabilized_flow_log_feature
2024-02-21 06:45:00,0.10097221,False,train,0.10097221,False,stabilized_flow_log_feature
2024-02-21 18:45:00,0.13397318,False,train,0.13397318,False,stabilized_flow_log_feature
2024-02-22 06:45:00,0.15939204,False,train,0.15939204,False,stabilized_flow_log_feature
2024-02-22 18:45:00,0.2571607,False,train,0.2571607,False,stabilized_flow_log_feature
2024-02-23 06:45:00,0.27641633,False,train,0.27641633,False,stabilized_flow_log_feature
2024-02-23 18:45:00,0.4229761,False,train,0.4229761,False,stabilized_flow_log_feature
2024-02-24 06:45:00,0.47636628,False,train,0.47636628,False,stabilized_flow_log_feature
2024-02-24 18:45:00,0.35320118,False,train,0.35320118,False,stabilized_flow_log_feature
2024-02-25 06:45:00,0.334335,False,train,0.334335,False,stabilized_flow_log_feature
2024-02-25 18:45:00,0.23655985,False,train,0.23655985,False,stabilized_flow_log_feature
2024-02-26 06:45:00,0.20384467,False,train,0.20384467,False,stabilized_flow_log_feature
2024-02-26 18:45:00,0.20248665,False,train,0.20248665,False,stabilized_flow_log_feature
2024-02-27 06:45:00,0.22635245,False,train,0.22635245,False,stabilized_flow_log_feature
2024-02-27 18:45:00,0.29593506,False,train,0.29593506,False,stabilized_flow_log_feature
2024-02-28 06:45:00,0.31434992,False,train,0.31434992,False,stabilized_flow_log_feature
2024-02-28 18:45:00,0.21541977,False,train,0.21541977,False,stabilized_flow_log_feature
2024-02-29 06:45:00,0.17405128,False,train,0.17405128,False,stabilized_flow_log_feature
2024-02-29 18:45:00,0.181926,False,train,0.181926,False,stabilized_flow_log_feature
2024-03-01 06:45:00,0.21970515,False,train,0.21970515,False,stabilized_flow_log_feature
2024-03-01 18:45:00,0.30013636,False,train,0.30013636,False,stabilized_flow_log_feature
2024-03-02 06:45:00,0.26794484,False,train,0.26794484,False,stabilized_flow_log_feature
2024-03-02 18:45:00,0.7169705,False,train,0.7169705,False,stabilized_flow_log_feature
2024-03-03 06:45:00,0.9490063,False,train,0.9490063,False,stabilized_flow_log_feature
2024-03-03 18:45:00,0.82283956,False,train,0.82283956,False,stabilized_flow_log_feature
2024-03-04 06:45:00,0.7470038,False,train,0.7470038,False,stabilized_flow_log_feature
2024-03-04 18:45:00,1.0146726,True,train,1.0146726,True,stabilized_flow_log_feature
2024-03-05 06:45:00,0.71906257,False,train,0.71906257,False,stabilized_flow_log_feature
2024-03-05 18:45:00,0.36269894,False,train,0.36269894,False,stabilized_flow_log_feature
2024-03-06 06:45:00,0.41232863,False,train,0.41232863,False,stabilized_flow_log_feature
2024-03-06 18:45:00,0.2833073,False,train,0.2833073,False,stabilized_flow_log_feature
2024-03-07 06:45:00,0.21216428,False,train,0.21216428,False,stabilized_flow_log_feature
2024-03-07 18:45:00,0.30658385,False,train,0.30658385,False,stabilized_flow_log_feature
2024-03-08 06:45:00,0.37101948,False,train,0.37101948,False,stabilized_flow_log_feature
2024-03-08 18:45:00,0.6268874,False,train,0.6268874,False,stabilized_flow_log_feature
2024-03-09 06:45:00,0.64711505,False,train,0.64711505,False,stabilized_flow_log_feature
2024-03-09 18:45:00,0.9648617,False,train,0.9648617,False,stabilized_flow_log_feature
2024-03-10 06:45:00,1.1711475,True,train,1.1711475,True,stabilized_flow_log_feature
2024-03-10 18:45:00,0.9059062,False,train,0.9059062,False,stabilized_flow_log_feature
2024-03-11 06:45:00,0.60680187,False,train,0.60680187,False,stabilized_flow_log_feature
2024-03-11 18:45:00,0.26681125,False,train,0.26681125,False,stabilized_flow_log_feature
2024-03-12 06:45:00,0.23133111,False,train,0.23133111,False,stabilized_flow_log_feature
2024-03-12 18:45:00,0.19484226,False,train,0.19484226,False,stabilized_flow_log_feature
2024-03-13 06:45:00,0.15243298,False,train,0.15243298,False,stabilized_flow_log_feature
2024-03-13 18:45:00,0.13717644,False,train,0.13717644,False,stabilized_flow_log_feature
2024-03-14 06:45:00,0.121770255,False,train,0.121770255,False,stabilized_flow_log_feature
2024-03-14 18:45:00,0.09860722,False,train,0.09860722,False,stabilized_flow_log_feature
2024-03-15 06:45:00,0.06770625,False,train,0.06770625,False,stabilized_flow_log_feature
2024-03-15 18:45:00,0.09191158,False,train,0.09191158,False,stabilized_flow_log_feature
2024-03-16 06:45:00,0.08554634,False,train,0.08554634,False,stabilized_flow_log_feature
2024-03-16 18:45:00,0.19238836,False,train,0.19238836,False,stabilized_flow_log_feature
2024-03-17 06:45:00,0.20082809,False,train,0.20082809,False,stabilized_flow_log_feature
2024-03-17 18:45:00,0.06607296,False,train,0.06607296,False,stabilized_flow_log_feature
2024-03-18 06:45:00,0.055600286,False,train,0.055600286,False,stabilized_flow_log_feature
2024-03-18 18:45:00,0.05756861,False,train,0.05756861,False,stabilized_flow_log_feature
2024-03-19 06:45:00,0.052753765,False,train,0.052753765,False,stabilized_flow_log_feature
2024-03-19 18:45:00,0.07910075,False,train,0.07910075,False,stabilized_flow_log_feature
2024-03-20 06:45:00,0.09180593,False,train,0.09180593,False,stabilized_flow_log_feature
2024-03-20 18:45:00,0.0725717,False,train,0.0725717,False,stabilized_flow_log_feature
2024-03-21 06:45:00,0.07084259,False,train,0.07084259,False,stabilized_flow_log_feature
2024-03-21 18:45:00,0.071523674,False,train,0.071523674,False,stabilized_flow_log_feature
2024-03-23 06:45:00,0.08996341,False,train,0.08996341,False,stabilized_flow_log_feature
2024-03-23 18:45:00,0.09720329,False,train,0.09720329,False,stabilized_flow_log_feature
2024-03-24 06:45:00,0.0948546,False,train,0.0948546,False,stabilized_flow_log_feature
2024-03-24 18:45:00,0.069427066,False,train,0.069427066,False,stabilized_flow_log_feature
2024-03-25 06:45:00,0.07931092,False,train,0.07931092,False,stabilized_flow_log_feature
2024-03-25 18:45:00,0.1829629,False,train,0.1829629,False,stabilized_flow_log_feature
2024-03-26 06:45:00,0.30084798,False,train,0.30084798,False,stabilized_flow_log_feature
2024-03-26 18:45:00,0.27104363,False,train,0.27104363,False,stabilized_flow_log_feature
2024-03-27 06:45:00,0.25967678,False,train,0.25967678,False,stabilized_flow_log_feature
2024-03-27 18:45:00,0.25871703,False,train,0.25871703,False,stabilized_flow_log_feature
2024-03-28 06:45:00,0.14085177,False,train,0.14085177,False,stabilized_flow_log_feature
2024-03-28 18:45:00,0.15485118,False,train,0.15485118,False,stabilized_flow_log_feature
2024-03-29 06:45:00,0.19626816,False,train,0.19626816,False,stabilized_flow_log_feature
2024-03-29 18:45:00,0.13513306,False,train,0.13513306,False,stabilized_flow_log_feature
2024-03-30 06:45:00,0.1420434,False,train,0.1420434,False,stabilized_flow_log_feature
2024-03-30 18:45:00,0.19691981,False,train,0.19691981,False,stabilized_flow_log_feature
2024-03-31 06:45:00,0.30533555,False,train,0.30533555,False,stabilized_flow_log_feature
2024-03-31 18:45:00,0.27491668,False,train,0.27491668,False,stabilized_flow_log_feature
2024-04-01 06:45:00,0.23971625,False,train,0.23971625,False,stabilized_flow_log_feature
2024-04-01 18:45:00,0.2557601,False,train,0.2557601,False,stabilized_flow_log_feature
2024-04-02 06:45:00,0.20917845,False,train,0.20917845,False,stabilized_flow_log_feature
2024-04-02 18:45:00,0.14004822,False,train,0.14004822,False,stabilized_flow_log_feature
2024-04-03 06:45:00,0.7724926,False,train,0.7724926,False,stabilized_flow_log_feature
2024-04-03 18:45:00,1.3925093,True,train,1.3925093,True,stabilized_flow_log_feature
2024-04-04 06:45:00,0.70305496,False,train,0.70305496,False,stabilized_flow_log_feature
2024-04-04 18:45:00,0.09375199,False,train,0.09375199,False,stabilized_flow_log_feature
2024-04-05 06:45:00,0.08758796,False,train,0.08758796,False,stabilized_flow_log_feature
2024-04-08 06:45:00,0.045120835,False,train,0.045120835,False,stabilized_flow_log_feature
2024-04-08 18:45:00,0.08763815,False,train,0.08763815,False,stabilized_flow_log_feature
2024-04-09 06:45:00,0.14677857,False,train,0.14677857,False,stabilized_flow_log_feature
2024-04-09 18:45:00,0.12991907,False,train,0.12991907,False,stabilized_flow_log_feature
2024-04-10 06:45:00,0.15950961,False,train,0.15950961,False,stabilized_flow_log_feature
2024-04-10 18:45:00,0.15766257,False,train,0.15766257,False,stabilized_flow_log_feature
2024-04-11 06:45:00,0.09889784,False,train,0.09889784,False,stabilized_flow_log_feature
2024-04-11 18:45:00,0.08286977,False,train,0.08286977,False,stabilized_flow_log_feature
2024-04-12 06:45:00,0.057294954,False,train,0.057294954,False,stabilized_flow_log_feature
2024-04-12 18:45:00,0.054295342,False,train,0.054295342,False,stabilized_flow_log_feature
2024-04-13 06:45:00,0.040672228,False,train,0.040672228,False,stabilized_flow_log_feature
2024-04-13 18:45:00,0.04339786,False,train,0.04339786,False,stabilized_flow_log_feature
2024-04-14 06:45:00,0.062642425,False,train,0.062642425,False,stabilized_flow_log_feature
2024-04-14 18:45:00,0.060841292,False,train,0.060841292,False,stabilized_flow_log_feature
2024-04-15 06:45:00,0.042113233,False,train,0.042113233,False,stabilized_flow_log_feature
2024-04-15 18:45:00,0.050622594,False,train,0.050622594,False,stabilized_flow_log_feature
2024-04-17 06:45:00,0.3004677,False,train,0.3004677,False,stabilized_flow_log_feature
2024-04-17 18:45:00,0.10660372,False,train,0.10660372,False,stabilized_flow_log_feature
2024-04-19 06:45:00,0.10770056,False,train,0.10770056,False,stabilized_flow_log_feature
2024-04-19 18:45:00,0.17987293,False,train,0.17987293,False,stabilized_flow_log_feature
2024-04-20 06:45:00,0.14999177,False,train,0.14999177,False,stabilized_flow_log_feature
2024-04-20 18:45:00,0.15119515,False,train,0.15119515,False,stabilized_flow_log_feature
2024-04-21 06:45:00,0.1959023,False,train,0.1959023,False,stabilized_flow_log_feature
2024-04-21 18:45:00,0.28490636,False,train,0.28490636,False,stabilized_flow_log_feature
2024-04-22 06:45:00,0.3914524,False,train,0.3914524,False,stabilized_flow_log_feature
2024-04-22 18:45:00,0.47344604,False,train,0.47344604,False,stabilized_flow_log_feature
2024-04-23 06:45:00,0.4859279,False,train,0.4859279,False,stabilized_flow_log_feature
2024-04-23 18:45:00,0.359135,False,train,0.359135,False,stabilized_flow_log_feature
2024-04-24 06:45:00,0.30065152,False,train,0.30065152,False,stabilized_flow_log_feature
2024-04-24 18:45:00,0.22916913,False,train,0.22916913,False,stabilized_flow_log_feature
2024-04-25 06:45:00,0.33073226,False,train,0.33073226,False,stabilized_flow_log_feature
2024-04-25 18:45:00,0.33254293,False,train,0.33254293,False,stabilized_flow_log_feature
2024-04-26 06:45:00,0.1855721,False,train,0.1855721,False,stabilized_flow_log_feature
2024-04-26 18:45:00,0.28680745,False,train,0.28680745,False,stabilized_flow_log_feature
2024-04-27 06:45:00,0.30116597,False,train,0.30116597,False,stabilized_flow_log_feature
2024-04-27 18:45:00,0.21388744,False,train,0.21388744,False,stabilized_flow_log_feature
2024-04-28 06:45:00,0.23728682,False,train,0.23728682,False,stabilized_flow_log_feature
2024-04-28 18:45:00,0.31950572,False,train,0.31950572,False,stabilized_flow_log_feature
2024-04-29 06:45:00,0.27053845,False,train,0.27053845,False,stabilized_flow_log_feature
2024-04-29 18:45:00,0.3926754,False,train,0.3926754,False,stabilized_flow_log_feature
2024-04-30 06:45:00,0.55298626,False,train,0.55298626,False,stabilized_flow_log_feature
2024-04-30 18:45:00,0.29485616,False,train,0.29485616,False,stabilized_flow_log_feature
2024-05-01 06:45:00,0.3347664,False,train,0.3347664,False,stabilized_flow_log_feature
2024-05-01 18:45:00,0.3541101,False,train,0.3541101,False,stabilized_flow_log_feature
2024-05-02 06:45:00,0.16283967,False,train,0.16283967,False,stabilized_flow_log_feature
2024-05-02 18:45:00,0.1328941,False,train,0.1328941,False,stabilized_flow_log_feature
2024-05-03 06:45:00,0.14027856,False,train,0.14027856,False,stabilized_flow_log_feature
2024-05-03 18:45:00,0.1582949,False,train,0.1582949,False,stabilized_flow_log_feature
2024-05-04 06:45:00,0.07230603,False,train,0.07230603,False,stabilized_flow_log_feature
2024-05-04 18:45:00,0.056435067,False,train,0.056435067,False,stabilized_flow_log_feature
2024-05-05 18:45:00,0.061065048,False,train,0.061065048,False,stabilized_flow_log_feature
2024-05-06 06:45:00,0.052414626,False,train,0.052414626,False,stabilized_flow_log_feature
2024-05-06 18:45:00,0.045670163,False,train,0.045670163,False,stabilized_flow_log_feature
2024-05-07 06:45:00,0.096290685,False,train,0.096290685,False,stabilized_flow_log_feature
2024-05-08 18:45:00,0.06534666,False,train,0.06534666,False,stabilized_flow_log_feature
2024-05-09 06:45:00,0.049005467,False,train,0.049005467,False,stabilized_flow_log_feature
2024-05-09 18:45:00,0.10582941,False,train,0.10582941,False,stabilized_flow_log_feature
2024-05-10 06:45:00,0.101948135,False,train,0.101948135,False,stabilized_flow_log_feature
2024-05-10 18:45:00,0.04181649,False,train,0.04181649,False,stabilized_flow_log_feature
2024-05-11 06:45:00,0.043965086,False,train,0.043965086,False,stabilized_flow_log_feature
2024-05-11 18:45:00,0.041183654,False,train,0.041183654,False,stabilized_flow_log_feature
2024-05-12 06:45:00,0.042294364,False,train,0.042294364,False,stabilized_flow_log_feature
2024-05-12 18:45:00,0.037903707,False,train,0.037903707,False,stabilized_flow_log_feature
2024-05-13 06:45:00,0.036046308,False,train,0.036046308,False,stabilized_flow_log_feature
2024-05-13 18:45:00,0.040503055,False,train,0.040503055,False,stabilized_flow_log_feature
2024-05-14 06:45:00,0.04077456,False,train,0.04077456,False,stabilized_flow_log_feature
2024-05-14 18:45:00,0.03964689,False,train,0.03964689,False,stabilized_flow_log_feature
2024-05-15 06:45:00,0.03896567,False,train,0.03896567,False,stabilized_flow_log_feature
2024-05-15 18:45:00,0.037083473,False,train,0.037083473,False,stabilized_flow_log_feature
2024-05-16 06:45:00,0.036419537,False,train,0.036419537,False,stabilized_flow_log_feature
2024-05-16 18:45:00,0.041531797,False,train,0.041531797,False,stabilized_flow_log_feature
2024-05-17 06:45:00,0.042079646,False,train,0.042079646,False,stabilized_flow_log_feature
2024-05-17 18:45:00,0.037925143,False,train,0.037925143,False,stabilized_flow_log_feature
2024-05-18 06:45:00,0.036822572,False,train,0.036822572,False,stabilized_flow_log_feature
2024-05-18 18:45:00,0.03465795,False,test,0.03465795,False,stabilized_flow_log_feature
2024-05-19 06:45:00,0.0370553,False,test,0.0370553,False,stabilized_flow_log_feature
2024-05-19 18:45:00,0.03964695,False,test,0.03964695,False,stabilized_flow_log_feature
2024-05-20 06:45:00,0.03660753,False,test,0.03660753,False,stabilized_flow_log_feature
2024-05-20 18:45:00,0.035563752,False,test,0.035563752,False,stabilized_flow_log_feature
2024-05-21 06:45:00,0.038498983,False,test,0.038498983,False,stabilized_flow_log_feature
2024-05-21 18:45:00,0.03995375,False,test,0.03995375,False,stabilized_flow_log_feature
2024-05-22 06:45:00,0.041192785,False,test,0.041192785,False,stabilized_flow_log_feature
2024-05-22 18:45:00,0.04117436,False,test,0.04117436,False,stabilized_flow_log_feature
2024-05-23 06:45:00,0.038476516,False,test,0.038476516,False,stabilized_flow_log_feature
2024-05-23 18:45:00,0.035056666,False,test,0.035056666,False,stabilized_flow_log_feature
2024-05-24 06:45:00,0.036172785,False,test,0.036172785,False,stabilized_flow_log_feature
2024-05-24 18:45:00,0.03759433,False,test,0.03759433,False,stabilized_flow_log_feature
2024-05-25 06:45:00,0.038249735,False,test,0.038249735,False,stabilized_flow_log_feature
2024-05-25 18:45:00,0.036200378,False,test,0.036200378,False,stabilized_flow_log_feature
2024-05-26 06:45:00,0.036553714,False,test,0.036553714,False,stabilized_flow_log_feature
2024-05-26 18:45:00,0.03724208,False,test,0.03724208,False,stabilized_flow_log_feature
2024-05-27 06:45:00,0.036848653,False,test,0.036848653,False,stabilized_flow_log_feature
2024-05-27 18:45:00,0.04020511,False,test,0.04020511,False,stabilized_flow_log_feature
2024-05-28 06:45:00,0.041332155,False,test,0.041332155,False,stabilized_flow_log_feature
2024-05-28 18:45:00,0.03928607,False,test,0.03928607,False,stabilized_flow_log_feature
2024-05-29 06:45:00,0.039182603,False,test,0.039182603,False,stabilized_flow_log_feature
2024-05-29 18:45:00,0.03849894,False,test,0.03849894,False,stabilized_flow_log_feature
2024-05-30 06:45:00,0.038350154,False,test,0.038350154,False,stabilized_flow_log_feature
2024-05-30 18:45:00,0.039461013,False,test,0.039461013,False,stabilized_flow_log_feature
2024-05-31 06:45:00,0.037911884,False,test,0.037911884,False,stabilized_flow_log_feature
2024-05-31 18:45:00,0.03806848,False,test,0.03806848,False,stabilized_flow_log_feature
2024-06-01 06:45:00,0.040195517,False,test,0.040195517,False,stabilized_flow_log_feature
2024-06-01 18:45:00,0.042669002,False,test,0.042669002,False,stabilized_flow_log_feature
2024-06-02 06:45:00,0.038347,False,test,0.038347,False,stabilized_flow_log_feature
2024-06-02 18:45:00,0.038067322,False,test,0.038067322,False,stabilized_flow_log_feature
2024-06-03 06:45:00,0.042419072,False,test,0.042419072,False,stabilized_flow_log_feature
2024-06-03 18:45:00,0.041313037,False,test,0.041313037,False,stabilized_flow_log_feature
2024-06-04 06:45:00,0.03832753,False,test,0.03832753,False,stabilized_flow_log_feature
2024-06-04 18:45:00,0.036229443,False,test,0.036229443,False,stabilized_flow_log_feature
2024-06-11 18:45:00,0.034272056,False,test,0.034272056,False,stabilized_flow_log_feature
2024-06-12 06:45:00,0.03358306,False,test,0.03358306,False,stabilized_flow_log_feature
2024-06-12 18:45:00,0.034002542,False,test,0.034002542,False,stabilized_flow_log_feature
2024-06-13 06:45:00,0.031663496,False,test,0.031663496,False,stabilized_flow_log_feature
2024-06-13 18:45:00,0.032334067,False,test,0.032334067,False,stabilized_flow_log_feature
2024-06-14 06:45:00,0.034750935,False,test,0.034750935,False,stabilized_flow_log_feature
2024-06-14 18:45:00,0.039148048,False,test,0.039148048,False,stabilized_flow_log_feature
2024-06-15 06:45:00,0.037222154,False,test,0.037222154,False,stabilized_flow_log_feature
2024-06-15 18:45:00,0.036644835,False,test,0.036644835,False,stabilized_flow_log_feature
2024-06-16 06:45:00,0.037578493,False,test,0.037578493,False,stabilized_flow_log_feature
2024-06-16 18:45:00,0.035354663,False,test,0.035354663,False,stabilized_flow_log_feature
2024-06-17 06:45:00,0.039316263,False,test,0.039316263,False,stabilized_flow_log_feature
2024-06-17 18:45:00,0.039811593,False,test,0.039811593,False,stabilized_flow_log_feature
2024-06-18 06:45:00,0.03525881,False,test,0.03525881,False,stabilized_flow_log_feature
2024-06-19 18:45:00,0.036612384,False,test,0.036612384,False,stabilized_flow_log_feature
2024-06-20 06:45:00,0.041746233,False,test,0.041746233,False,stabilized_flow_log_feature
2024-06-20 18:45:00,0.19125272,False,test,0.19125272,False,stabilized_flow_log_feature
2024-06-21 06:45:00,0.18410695,False,test,0.18410695,False,stabilized_flow_log_feature
2024-06-23 06:45:00,0.03712115,False,test,0.03712115,False,stabilized_flow_log_feature
2024-10-21 18:45:00,0.15097581,False,test,0.15097581,False,stabilized_flow_log_feature
2024-10-22 06:45:00,0.13496268,False,test,0.13496268,False,stabilized_flow_log_feature
2024-10-22 18:45:00,0.12828517,False,test,0.12828517,False,stabilized_flow_log_feature
2024-10-23 06:45:00,0.12819146,False,test,0.12819146,False,stabilized_flow_log_feature
2024-10-23 18:45:00,0.11534389,False,test,0.11534389,False,stabilized_flow_log_feature
2024-10-24 06:45:00,0.10764744,False,test,0.10764744,False,stabilized_flow_log_feature
2024-10-24 18:45:00,0.099422365,False,test,0.099422365,False,stabilized_flow_log_feature
2024-10-25 06:45:00,0.106076755,False,test,0.106076755,False,stabilized_flow_log_feature
2024-10-25 18:45:00,0.51431376,False,test,0.51431376,False,stabilized_flow_log_feature
2024-10-26 18:45:00,0.07607145,False,test,0.07607145,False,stabilized_flow_log_feature
2024-10-27 06:45:00,0.095827855,False,test,0.095827855,False,stabilized_flow_log_feature
