file,sheet,rows,columns,sampled,max_rows_per_sheet,numeric_columns,missing_cells,missing_pct,candidate_categories,datetime_ranges,column_preview
D:\Downloads\KTH\Masters Thesis\thesis-heat-detection\Data\Abat Oliba Building\Abat_Oliba\Abat_Oliba_Data.xlsx,START Page,44,11,True,5000,0,229,0.4731,,,Unnamed: 0 | Unnamed: 1 | Unnamed: 2 | Unnamed: 3 | Unnamed: 4 | Unnamed: 5 | Unnamed: 6 | Unnamed: 7 | Unnamed: 8 | Unnamed: 9 | Unnamed: 10
D:\Downloads\KTH\Masters Thesis\thesis-heat-detection\Data\Abat Oliba Building\Abat_Oliba\Abat_Oliba_Data.xlsx,DC Internal Temperatures,5000,3,True,5000,0,81,0.0054,,,Unnamed: 0 | Unnamed: 1 | Unnamed: 2
D:\Downloads\KTH\Masters Thesis\thesis-heat-detection\Data\Abat Oliba Building\Abat_Oliba\Abat_Oliba_Data.xlsx,DH Internal Temperatures,5000,8,True,5000,0,216,0.0054,,,Unnamed: 0 | Unnamed: 1 | Unnamed: 2 | Unnamed: 3 | Unnamed: 4 | Unnamed: 5 | Unnamed: 6 | Unnamed: 7
D:\Downloads\KTH\Masters Thesis\thesis-heat-detection\Data\Abat Oliba Building\Abat_Oliba\Abat_Oliba_Data.xlsx,Ground floor,5000,9,True,5000,0,270,0.006,,,Unnamed: 0 | Unnamed: 1 | Unnamed: 2 | Unnamed: 3 | Unnamed: 4 | Unnamed: 5 | Unnamed: 6 | Unnamed: 7 | Unnamed: 8
D:\Downloads\KTH\Masters Thesis\thesis-heat-detection\Data\Abat Oliba Building\Abat_Oliba\Abat_Oliba_Data.xlsx,First floor,5000,9,True,5000,0,270,0.006,,,Unnamed: 0 | Unnamed: 1 | Unnamed: 2 | Unnamed: 3 | Unnamed: 4 | Unnamed: 5 | Unnamed: 6 | Unnamed: 7 | Unnamed: 8
D:\Downloads\KTH\Masters Thesis\thesis-heat-detection\Data\Abat Oliba Building\Abat_Oliba\Abat_Oliba_Data.xlsx,DHW temperatures,5000,8,True,5000,0,232,0.0058,,,Unnamed: 0 | Unnamed: 1 | Unnamed: 2 | Unnamed: 3 | Unnamed: 4 | Unnamed: 5 | Unnamed: 6 | Unnamed: 7
D:\Downloads\KTH\Masters Thesis\thesis-heat-detection\Data\Abat Oliba Building\Abat_Oliba\Abat_Oliba_Data.xlsx,Outdoor humidity,5000,2,True,5000,1,0,0.0,timestamp_candidate,Time stamp: 2024-12-16T14:00:00 to 2025-02-06T16:00:00,Time stamp | Outdoor Humidity
D:\Downloads\KTH\Masters Thesis\thesis-heat-detection\Data\DHC network\data\District Heating_updated_16_07_2025_1.xlsx,INFO,35,10,True,5000,1,199,0.5686,,Unnamed: 7: 2025-06-02T00:00:00 to 2025-06-02T00:00:00,Unnamed: 0 | Unnamed: 1 | Unnamed: 2 | Unnamed: 3 | Unnamed: 4 | Unnamed: 5 | Unnamed: 6 | Unnamed: 7 | Unnamed: 8 | Unnamed: 9
D:\Downloads\KTH\Masters Thesis\thesis-heat-detection\Data\DHC network\data\District Heating_updated_16_07_2025_1.xlsx,Sheet1,0,0,True,5000,0,0,0.0,,,
D:\Downloads\KTH\Masters Thesis\thesis-heat-detection\Data\DHC network\data\District Heating_updated_16_07_2025_1.xlsx,prod_bm,5000,4,True,5000,0,0,0.0,power_or_energy_candidate;return_temperature_candidate;supply_temperature_candidate;timestamp_candidate,Time stamp: 2025-07-06T01:36:57 to 2025-07-16T11:26:57,Time stamp | Power Interval Trend Log | Return Temperature Interval Trend Log | Supply Temperature Interval Trend Log
D:\Downloads\KTH\Masters Thesis\thesis-heat-detection\Data\DHC network\data\District Heating_updated_16_07_2025_1.xlsx,bm_02,5000,4,True,5000,0,0,0.0,power_or_energy_candidate;return_temperature_candidate;supply_temperature_candidate;timestamp_candidate,Time stamp: 2025-07-06T01:38:56 to 2025-07-16T11:31:57,Time stamp | Power Interval Trend Log | Return Temperature Interval Trend Log | Supply Temperature Interval Trend Log
D:\Downloads\KTH\Masters Thesis\thesis-heat-detection\Data\DHC network\data\District Heating_updated_16_07_2025_1.xlsx,bm_01,5000,4,True,5000,0,0,0.0,power_or_energy_candidate;return_temperature_candidate;supply_temperature_candidate;timestamp_candidate,Time stamp: 2025-07-06T01:39:15 to 2025-07-16T11:36:57,Time stamp | Power Interval Trend Log | Return Temperature Interval Trend Log | Supply Temperature Interval Trend Log
D:\Downloads\KTH\Masters Thesis\thesis-heat-detection\Data\DHC network\data\District Heating_updated_16_07_2025_1.xlsx,prod_gas_hostatgeria,5000,4,True,5000,3,0,0.0,power_or_energy_candidate;return_temperature_candidate;supply_temperature_candidate;timestamp_candidate,Time stamp: 2025-07-06T01:53:56 to 2025-07-16T11:51:57,Time stamp | Power Interval Trend Log | Return Temperature Interval Trend Log | Supply Temperature Interval Trend Log
D:\Downloads\KTH\Masters Thesis\thesis-heat-detection\Data\DHC network\data\District Heating_updated_16_07_2025_1.xlsx,gas_h_01,5000,4,True,5000,3,0,0.0,power_or_energy_candidate;return_temperature_candidate;supply_temperature_candidate;timestamp_candidate,Time stamp: 2025-07-06T02:36:57 to 2025-07-16T12:31:57,Time stamp | Power Interval Trend Log | Return Temperature Interval Trend Log | Supply Temperature Interval Trend Log
D:\Downloads\KTH\Masters Thesis\thesis-heat-detection\Data\DHC network\data\District Heating_updated_16_07_2025_1.xlsx,gas_h_02,5000,4,True,5000,3,0,0.0,power_or_energy_candidate;return_temperature_candidate;supply_temperature_candidate;timestamp_candidate,Time stamp: 2025-07-06T02:36:57 to 2025-07-16T12:31:57,Time stamp | Power Interval Trend Log | Return Temperature Interval Trend Log | Supply Temperature Interval Trend Log
D:\Downloads\KTH\Masters Thesis\thesis-heat-detection\Data\DHC network\data\District Heating_updated_16_07_2025_1.xlsx,cons_abat_cisneros,5000,4,True,5000,3,0,0.0,power_or_energy_candidate;return_temperature_candidate;supply_temperature_candidate;timestamp_candidate,Time stamp: 2025-07-01T15:31:57 to 2025-07-16T12:36:57,Time stamp | Power Interval Trend Log | Return Temperature Interval Trend Log | Supply Temperature Interval Trend Log
D:\Downloads\KTH\Masters Thesis\thesis-heat-detection\Data\DHC network\data\District Heating_updated_16_07_2025_1.xlsx,cons_abat_garriga,5000,4,True,5000,3,0,0.0,power_or_energy_candidate;return_temperature_candidate;supply_temperature_candidate;timestamp_candidate,Time stamp: 2025-07-01T15:31:57 to 2025-07-16T12:36:57,Time stamp | Power Interval Trend Log | Return Temperature Interval Trend Log | Supply Temperature Interval Trend Log
D:\Downloads\KTH\Masters Thesis\thesis-heat-detection\Data\DHC network\data\District Heating_updated_16_07_2025_1.xlsx,cons_abat_marcet,5000,4,True,5000,3,0,0.0,power_or_energy_candidate;return_temperature_candidate;supply_temperature_candidate;timestamp_candidate,Time stamp: 2025-07-01T15:36:57 to 2025-07-16T12:41:57,Time stamp | Power Interval Trend Log | Return Temperature Interval Trend Log | Supply Temperature Interval Trend Log
D:\Downloads\KTH\Masters Thesis\thesis-heat-detection\Data\DHC network\data\District Heating_updated_16_07_2025_2.xlsx,INFO,35,10,True,5000,1,199,0.5686,,Unnamed: 7: 2025-06-02T00:00:00 to 2025-06-02T00:00:00,Unnamed: 0 | Unnamed: 1 | Unnamed: 2 | Unnamed: 3 | Unnamed: 4 | Unnamed: 5 | Unnamed: 6 | Unnamed: 7 | Unnamed: 8 | Unnamed: 9
D:\Downloads\KTH\Masters Thesis\thesis-heat-detection\Data\DHC network\data\District Heating_updated_16_07_2025_2.xlsx,cons_abat_oliba,5000,4,True,5000,0,0,0.0,power_or_energy_candidate;return_temperature_candidate;supply_temperature_candidate;timestamp_candidate,Time stamp: 2025-06-11T18:54:15 to 2025-07-16T12:36:57,Time stamp | Power Interval Trend Log | Return Temperature Interval Trend Log | Supply Temperature Interval Trend Log
D:\Downloads\KTH\Masters Thesis\thesis-heat-detection\Data\DHC network\data\District Heating_updated_16_07_2025_2.xlsx,cons_escolania_bm,5000,4,True,5000,0,0,0.0,power_or_energy_candidate;return_temperature_candidate;supply_temperature_candidate;timestamp_candidate,Time stamp: 2025-07-06T02:16:57 to 2025-07-16T12:46:57,Time stamp | Power Interval Trend Log | Return Temperature Interval Trend Log | Supply Temperature Interval Trend Log
D:\Downloads\KTH\Masters Thesis\thesis-heat-detection\Data\DHC network\data\District Heating_updated_16_07_2025_2.xlsx,prod_gas_escolania,5000,4,True,5000,0,0,0.0,power_or_energy_candidate;return_temperature_candidate;supply_temperature_candidate;timestamp_candidate,Time stamp: 2025-07-03T11:56:57 to 2025-07-16T12:51:57,Time stamp | Power Interval Trend Log | Return Temperature Interval Trend Log | Supply Temperature Interval Trend Log
D:\Downloads\KTH\Masters Thesis\thesis-heat-detection\Data\DHC network\data\District Heating_updated_16_07_2025_2.xlsx,cons_hostatgeria_DHW_radiators,5000,4,True,5000,3,0,0.0,power_or_energy_candidate;return_temperature_candidate;supply_temperature_candidate;timestamp_candidate,Time stamp: 2025-07-06T02:56:57 to 2025-07-16T12:54:15,Time stamp | Power Interval Trend Log | Return Temperature Interval Trend Log | Supply Temperature Interval Trend Log
D:\Downloads\KTH\Masters Thesis\thesis-heat-detection\Data\DHC network\data\District Heating_updated_16_07_2025_2.xlsx,cons_hostatgeria_underfloor_hea,5000,4,True,5000,3,0,0.0,power_or_energy_candidate;return_temperature_candidate;supply_temperature_candidate;timestamp_candidate,Time stamp: 2025-07-06T03:01:57 to 2025-07-16T12:56:57,Time stamp | Power Interval Trend Log | Return Temperature Interval Trend Log | Supply Temperature Interval Trend Log
D:\Downloads\KTH\Masters Thesis\thesis-heat-detection\Data\DHC network\data\District Heating_updated_16_07_2025_2.xlsx,cons_mirador,5000,3,True,5000,1,49,0.0033,power_or_energy_candidate;timestamp_candidate,Time stamp: 2024-12-15T10:15:00 to 2025-07-16T12:15:00,Time stamp | E Total (kWh) | hourly (kWh)
D:\Downloads\KTH\Masters Thesis\thesis-heat-detection\Data\DHC network\data\District Heating_updated_16_07_2025_2.xlsx,gen_mirador,5000,3,True,5000,1,4,0.0003,power_or_energy_candidate;timestamp_candidate,Time stamp: 2025-05-25T11:30:04 to 2025-07-16T13:00:04,Time stamp | E Total (kWh) | hourly (kWh)
D:\Downloads\KTH\Masters Thesis\thesis-heat-detection\Data\DHC network\data\District Heating_updated_16_07_2025_2.xlsx,cons_nostra_senyora,5000,5,True,5000,4,4946,0.1978,flow_candidate;power_or_energy_candidate;return_temperature_candidate;supply_temperature_candidate;timestamp_candidate,Time stamp: 2025-07-06T03:21:57 to 2025-07-16T13:16:57,Time stamp | Power Interval Trend Log | Return Temperature Interval Trend Log | Supply Temperature Interval Trend Log | flow (kg/s)
D:\Downloads\KTH\Masters Thesis\thesis-heat-detection\Data\DHC network\data\District Heating_updated_16_07_2025_2.xlsx,cons_torre_prior,5000,4,True,5000,3,0,0.0,power_or_energy_candidate;return_temperature_candidate;supply_temperature_candidate;timestamp_candidate,Time stamp: 2025-07-06T03:23:56 to 2025-07-16T13:21:57,Time stamp | Power Interval Trend Log | Return Temperature Interval Trend Log | Supply Temperature Interval Trend Log
D:\Downloads\KTH\Masters Thesis\thesis-heat-detection\Data\DHC network\data\District Cooling_updated_16_07_2025.xlsx,Start Page,11,12,True,5000,3,79,0.5985,,,Unnamed: 0 | Unnamed: 1 | Unnamed: 2 | Unnamed: 3 | Unnamed: 4 | Unnamed: 5 | Unnamed: 6 | Unnamed: 7 | Unnamed: 8 | Unnamed: 9 | Unnamed: 10 | Unnamed: 11
D:\Downloads\KTH\Masters Thesis\thesis-heat-detection\Data\DHC network\data\District Cooling_updated_16_07_2025.xlsx,DC Abat Cisneros,5000,2,True,5000,0,0,0.0,timestamp_candidate,Time stamp: 2024-12-19T18:15:00 to 2025-07-16T10:15:00,Time stamp | E Total
D:\Downloads\KTH\Masters Thesis\thesis-heat-detection\Data\DHC network\data\District Cooling_updated_16_07_2025.xlsx,DC Abat Oliba,5000,2,True,5000,0,0,0.0,return_temperature_candidate;timestamp_candidate,Time stamp: 2024-12-20T08:00:00 to 2025-07-16T10:00:00,Time stamp | Meter Trend Log
D:\Downloads\KTH\Masters Thesis\thesis-heat-detection\Data\DHC network\data\District Cooling_updated_16_07_2025.xlsx,DC Refredadora R2,5000,2,True,5000,0,0,0.0,timestamp_candidate,Time stamp: 2024-12-19T22:15:04 to 2025-07-16T10:15:04,Time stamp | E Total
D:\Downloads\KTH\Masters Thesis\thesis-heat-detection\Data\DHC network\data\District Cooling_updated_16_07_2025.xlsx,DC Mirador,5000,2,True,5000,0,0,0.0,power_or_energy_candidate;timestamp_candidate,Time stamp: 2024-12-15T08:15:00 to 2025-07-16T10:15:00,Time stamp | Mirador - Energia Fred [MWh]
D:\Downloads\KTH\Masters Thesis\thesis-heat-detection\Data\DHC network\data\District Cooling_updated_16_07_2025.xlsx,DC Museu-Cafeteria,5000,2,True,5000,0,0,0.0,timestamp_candidate,Time stamp: 2024-12-19T19:15:04 to 2025-07-16T11:15:04,Time stamp | E Total
D:\Downloads\KTH\Masters Thesis\thesis-heat-detection\Data\DHC network\data\District Cooling_updated_16_07_2025.xlsx,DC Museu - Cafeteria - MuseuNou,5000,2,True,5000,0,1,0.0001,timestamp_candidate,Time stamp: 2024-07-13T15:15:00 to 2025-02-06T16:15:00,Time stamp | E Total
D:\Downloads\KTH\Masters Thesis\thesis-heat-detection\Data\DHC network\data\District Cooling_updated_16_07_2025.xlsx,DC Refredadora R1,5000,2,True,5000,0,0,0.0,timestamp_candidate,Time stamp: 2024-12-19T23:15:04 to 2025-07-16T11:15:04,Time stamp | E Total
D:\Downloads\KTH\Masters Thesis\thesis-heat-detection\Data\20250915_Modbus.xlsx,ModbusRegistresFesControls,94,13,True,5000,4,118,0.0966,supply_temperature_candidate,,TYPE | NAME (Catalan) | NAME (English)  | CLASS_1 | CLASS_2 | UNITS | Value 20250915 | RegisterNumber | RegisterType | Gain | Addr = Reg-1 | Addr_2 | Display
D:\Downloads\KTH\Masters Thesis\thesis-heat-detection\Data\old\20240606_Data_Montserrat.xlsx,START page,96,12,True,5000,2,632,0.5486,,,Unnamed: 0 | Unnamed: 1 | Unnamed: 2 | Unnamed: 3 | Unnamed: 4 | Unnamed: 5 | Unnamed: 6 | Unnamed: 7 | Unnamed: 8 | Unnamed: 9 | Unnamed: 10 | Unnamed: 11
D:\Downloads\KTH\Masters Thesis\thesis-heat-detection\Data\old\20240606_Data_Montserrat.xlsx,DH energy meters,5000,19,True,5000,0,18,0.0002,power_or_energy_candidate;return_temperature_candidate,,"Energy meters, district heating side [MWh] | Unnamed: 1 | Unnamed: 2 | Unnamed: 3 | Unnamed: 4 | Unnamed: 5 | Unnamed: 6 | Unnamed: 7 | Unnamed: 8 | Unnamed: 9 | Unnamed: 10 | Unnamed: 11 | Unnamed: 12 | Unnamed: 13 | Unnamed: 14 | Unnamed: 15 | Unnamed: 16 | Unnamed: 17 | Unnamed: 18"
D:\Downloads\KTH\Masters Thesis\thesis-heat-detection\Data\old\20240606_Data_Montserrat.xlsx,DC energy meters,5000,8,True,5000,0,7,0.0002,power_or_energy_candidate;return_temperature_candidate,,"Energy meters, district cooling side [MWh] | Unnamed: 1 | Unnamed: 2 | Unnamed: 3 | Unnamed: 4 | Unnamed: 5 | Unnamed: 6 | Unnamed: 7"
D:\Downloads\KTH\Masters Thesis\thesis-heat-detection\Data\old\20240606_Data_Montserrat.xlsx,Thermall power,5000,4,True,5000,3,0,0.0,power_or_energy_candidate;return_temperature_candidate;supply_temperature_candidate;timestamp_candidate,Time stamp: 2024-05-02T18:53:56 to 2024-06-06T11:54:15,Time stamp | Power Interval Trend Log | Return Temperature Interval Trend Log | Supply Temperature Interval Trend Log
D:\Downloads\KTH\Masters Thesis\thesis-heat-detection\Data\old\20240606_Data_Montserrat.xlsx,DH internal Temperatures,5000,8,True,5000,0,240,0.006,,,Unnamed: 0 | Unnamed: 1 | Unnamed: 2 | Unnamed: 3 | Unnamed: 4 | Unnamed: 5 | Unnamed: 6 | Unnamed: 7
D:\Downloads\KTH\Masters Thesis\thesis-heat-detection\Data\old\20240606_Data_Montserrat.xlsx,DC internal temperature,5000,3,True,5000,2,0,0.0,return_temperature_candidate;supply_temperature_candidate;timestamp_candidate,Time stamp: 2024-04-15T10:00:00 to 2024-06-06T11:45:00,Time stamp | Return Temperature | Supply Temperature
D:\Downloads\KTH\Masters Thesis\thesis-heat-detection\Data\old\20240606_Data_Montserrat.xlsx,Climatizador planta B,5000,14,True,5000,13,0,0.0,return_temperature_candidate;supply_temperature_candidate;timestamp_candidate,Time stamp: 2024-05-11T12:30:00 to 2024-06-06T13:21:34,Time stamp | Return Air Quality | Outdoor Temperature | Heat Recovery Speed | Return Humidity | Return Temperature | Room Ambient Temperature | Cold Temperature Setpoint | Heat Temperature Setpoint | Supply Temperature | Heat Valve Opening | Cold Valve Opening | Impulse Fan Speed | Return Fan Speed
D:\Downloads\KTH\Masters Thesis\thesis-heat-detection\Data\old\20240606_Data_Montserrat.xlsx,Climatizador planta P,5000,15,True,5000,14,0,0.0,return_temperature_candidate;supply_temperature_candidate;timestamp_candidate,Time stamp: 2024-05-11T11:36:34 to 2024-06-06T12:30:00,Time stamp | Return Air Quality | Free Cooling Damper Opening | Outdoor Temperature | Heat Recovery Speed | Return Humidity | Return Temperature | Room Ambient Temperature | Cold Temperature Setpoint | Heat Temperature Setpoint | Supply Temperature | Heat Valve Opening | Cold Valve Opening | Impulse Fan Speed | Return Fan Speed
D:\Downloads\KTH\Masters Thesis\thesis-heat-detection\Data\old\20240606_Data_Montserrat.xlsx,Electric meter,5000,7,True,5000,6,0,0.0,power_or_energy_candidate;timestamp_candidate,Time stamp: 2023-11-11T04:00:00 to 2024-06-06T13:00:00,Time stamp | Bar Frankfurt [kWh] | Cuina P1 [kWh] | Fusteria [kWh] | Inferneria [kWh] | Mossos [kWh] | General [kWh]
D:\Downloads\KTH\Masters Thesis\thesis-heat-detection\Data\old\20240606_Data_Montserrat.xlsx,Water meter,5000,11,True,5000,10,0,0.0,flow_candidate;timestamp_candidate,Time stamp: 2023-11-11T04:00:00 to 2024-06-06T13:00:00,Time stamp | Total (1) [m3] | Total (2) [m3] | Total (3) [m3] | Total (4) [m3] | Total (5) [m3] | Total (6) [m3] | Total (7) [m3] | Total (8) [m3] | Total (9) [m3] | Total (10) [m3]
D:\Downloads\KTH\Masters Thesis\thesis-heat-detection\Data\old\20231025_Data_Montserrat v2.xlsx,START page,96,12,True,5000,2,632,0.5486,,,Unnamed: 0 | Unnamed: 1 | Unnamed: 2 | Unnamed: 3 | Unnamed: 4 | Unnamed: 5 | Unnamed: 6 | Unnamed: 7 | Unnamed: 8 | Unnamed: 9 | Unnamed: 10 | Unnamed: 11
D:\Downloads\KTH\Masters Thesis\thesis-heat-detection\Data\old\20231025_Data_Montserrat v2.xlsx,DH energy meters,5000,19,True,5000,0,18,0.0002,power_or_energy_candidate;return_temperature_candidate,,"Energy meters, district heating side [MWh] | Unnamed: 1 | Unnamed: 2 | Unnamed: 3 | Unnamed: 4 | Unnamed: 5 | Unnamed: 6 | Unnamed: 7 | Unnamed: 8 | Unnamed: 9 | Unnamed: 10 | Unnamed: 11 | Unnamed: 12 | Unnamed: 13 | Unnamed: 14 | Unnamed: 15 | Unnamed: 16 | Unnamed: 17 | Unnamed: 18"
D:\Downloads\KTH\Masters Thesis\thesis-heat-detection\Data\old\20231025_Data_Montserrat v2.xlsx,DC energy meters,5000,8,True,5000,0,7,0.0002,power_or_energy_candidate;return_temperature_candidate,,"Energy meters, district cooling side [MWh] | Unnamed: 1 | Unnamed: 2 | Unnamed: 3 | Unnamed: 4 | Unnamed: 5 | Unnamed: 6 | Unnamed: 7"
D:\Downloads\KTH\Masters Thesis\thesis-heat-detection\Data\old\20231025_Data_Montserrat v2.xlsx,Thermall power,5000,4,True,5000,0,0,0.0,power_or_energy_candidate;return_temperature_candidate;supply_temperature_candidate;timestamp_candidate,Time stamp: 2023-09-20T22:36:57 to 2023-10-25T16:36:57,Time stamp | Power Interval Trend Log | Return Temperature Interval Trend Log | Supply Temperature Interval Trend Log
D:\Downloads\KTH\Masters Thesis\thesis-heat-detection\Data\old\20231025_Data_Montserrat v2.xlsx,DH internal Temperatures,1058,8,True,5000,0,240,0.0284,,,Unnamed: 0 | Unnamed: 1 | Unnamed: 2 | Unnamed: 3 | Unnamed: 4 | Unnamed: 5 | Unnamed: 6 | Unnamed: 7
D:\Downloads\KTH\Masters Thesis\thesis-heat-detection\Data\old\20231025_Data_Montserrat v2.xlsx,DC internal temperature,5000,3,True,5000,0,0,0.0,return_temperature_candidate;supply_temperature_candidate;timestamp_candidate,Time stamp: 2023-09-03T15:15:00 to 2023-10-25T16:45:00,Time stamp | Return Temperature | Supply Temperature
D:\Downloads\KTH\Masters Thesis\thesis-heat-detection\Data\old\20231025_Data_Montserrat v2.xlsx,Climatizador planta B,5000,9,True,5000,8,0,0.0,return_temperature_candidate;supply_temperature_candidate;timestamp_candidate,Time stamp: 2023-09-29T16:15:00 to 2023-10-25T17:06:34,Time stamp | Air Quality | Outdoor Temperature | Return Humidity | Return Temperature | Room Temperature | SetPoint Temp Cool | SetPoint Temp Heat | Supply Temperature
D:\Downloads\KTH\Masters Thesis\thesis-heat-detection\Data\old\20231025_Data_Montserrat v2.xlsx,Climatizador planta P,5000,9,True,5000,8,0,0.0,return_temperature_candidate;supply_temperature_candidate;timestamp_candidate,Time stamp: 2023-10-08T07:06:34 to 2023-11-03T09:45:00,Time stamp | Air Quality | Outdoor Temperature | Return Humidity | Return Temperature | Room Temperature | SetPoint Temp Cool | SetPoint Temp Heat | Supply Temperature
D:\Downloads\KTH\Masters Thesis\thesis-heat-detection\Data\old\20231025_Data_Montserrat v2.xlsx,Electric meter,5000,7,True,5000,6,0,0.0,power_or_energy_candidate;timestamp_candidate,Time stamp: 2023-04-08T23:00:00 to 2023-11-03T10:00:00,Time stamp | Bar Frankfurt [kWh] | Cuina P1 [kWh] | Fusteria [kWh] | Inferneria [kWh] | Mossos [kWh] | General [kWh]
D:\Downloads\KTH\Masters Thesis\thesis-heat-detection\Data\old\20231025_Data_Montserrat v2.xlsx,Water meter,5000,11,True,5000,10,0,0.0,flow_candidate;timestamp_candidate,Time stamp: 2023-04-08T23:00:00 to 2023-11-03T10:00:00,Time stamp | Total (1) [m3] | Total (2) [m3] | Total (3) [m3] | Total (4) [m3] | Total (5) [m3] | Total (6) [m3] | Total (7) [m3] | Total (8) [m3] | Total (9) [m3] | Total (10) [m3]
