display_label,sheet,rank,window_start,window_end,split,reconstruction_mse,dominant_anomalous_feature,resampled_points,median_supply_temp_c,median_return_temp_c,median_stabilized_flow_log_feature,supply_temp_c_reconstruction_mse,return_temp_c_reconstruction_mse,stabilized_flow_log_feature_reconstruction_mse,median_delta_t_c,min_delta_t_c,low_delta_t_anomaly_points,has_low_delta_t_overlap,threshold_method,threshold_value
Abat Cisneros,cons_abat_cisneros,1,2025-03-17 06:45:00,2025-03-18 06:45:00,train,0.37135985,stabilized_flow_log_feature,96,78.6400032043457,64.5099983215332,1.11806786563244,0.16400369,0.34730458,0.6027712,12.03499984741211,-0.1699981689453125,0,False,train_3sigma,0.3121674358844757
Abat Cisneros,cons_abat_cisneros,2,2024-08-08 18:45:00,2024-08-09 18:45:00,train,0.33831108,stabilized_flow_log_feature,96,60.32500076293945,53.46500015258789,0.3415173014863671,0.2945679,0.35131744,0.3690479,6.180000305175781,-1.8300018310546875,0,False,train_3sigma,0.3121674358844757
Abat Cisneros,cons_abat_cisneros,3,2025-03-19 18:45:00,2025-03-20 18:45:00,train,0.33324414,stabilized_flow_log_feature,96,79.84000015258789,66.08999633789062,1.225988117568124,0.13419105,0.28767297,0.5778684,13.43000030517578,3.0,0,False,train_3sigma,0.3121674358844757
Abat Cisneros,cons_abat_cisneros,4,2025-03-16 18:45:00,2025-03-17 18:45:00,train,0.3208962,stabilized_flow_log_feature,96,78.46500015258789,63.579999923706055,1.110410618944274,0.15434569,0.29870766,0.5096352,13.59000015258789,-0.1699981689453125,0,False,train_3sigma,0.3121674358844757
Abat Garriga,cons_abat_garriga,1,2024-09-23 05:45:00,2024-09-24 05:45:00,train,0.5173868,return_temp_c,96,56.91999816894531,52.40999984741211,0.2361823131923491,0.5205079,0.7671191,0.26453367,2.779998779296875,-2.0,0,False,train_3sigma,0.2796710133552551
Abat Garriga,cons_abat_garriga,2,2025-03-17 05:45:00,2025-03-18 05:45:00,train,0.42828047,return_temp_c,96,78.1500015258789,70.37000274658203,0.6424990632861908,0.35845053,0.58019984,0.34619102,7.209999084472656,-9.59000015258789,0,False,train_3sigma,0.2796710133552551
Abat Garriga,cons_abat_garriga,3,2025-03-06 05:45:00,2025-03-07 05:45:00,train,0.40683687,return_temp_c,96,78.24499893188477,64.16999816894531,0.5582012941015431,0.086276434,0.67235637,0.46187767,6.399993896484375,0.4499969482421875,0,False,train_3sigma,0.2796710133552551
Abat Garriga,cons_abat_garriga,4,2025-03-16 17:45:00,2025-03-17 17:45:00,train,0.39433482,return_temp_c,96,78.2300033569336,70.37000274658203,0.6458205927671167,0.32759523,0.5554343,0.2999748,7.239997863769531,-9.59000015258789,0,False,train_3sigma,0.2796710133552551
Abat Garriga,cons_abat_garriga,5,2025-03-06 17:45:00,2025-03-07 17:45:00,train,0.39084765,return_temp_c,96,79.65999984741211,68.78000259399414,0.5198145980487436,0.15976463,0.6325458,0.38023248,7.850006103515625,-1.0399932861328125,0,False,train_3sigma,0.2796710133552551
Abat Garriga,cons_abat_garriga,6,2024-12-21 05:45:00,2024-12-22 05:45:00,train,0.37915444,return_temp_c,96,72.68500137329102,56.44999885559082,0.1677705865041069,0.32279426,0.6295121,0.1851571,23.63999938964844,4.290000915527344,0,False,train_3sigma,0.2796710133552551
Abat Marcet,cons_abat_marcet,1,2024-09-22 22:45:00,2024-09-23 22:45:00,train,1.099381,stabilized_flow_log_feature,96,48.84749984741211,48.040000915527344,0.5548406786471405,1.0743883,0.5391533,1.6846017,0.5600013732910156,-1.9300003051757808,0,False,train_3sigma,0.4004163146018982
Abat Marcet,cons_abat_marcet,2,2024-03-20 10:45:00,2024-03-21 10:45:00,train,1.0357441,return_temp_c,96,79.66000366210938,71.36000061035156,0.5027796964374063,1.1546057,1.8297094,0.12291696,7.459999084472656,1.1999969482421875,0,False,train_3sigma,0.4004163146018982
Abat Marcet,cons_abat_marcet,3,2024-09-22 10:45:00,2024-09-23 10:45:00,train,0.97991776,stabilized_flow_log_feature,96,48.619998931884766,47.84000015258789,0.5718385021343595,1.0386871,0.40580988,1.4952561,0.5799980163574219,-1.9300003051757808,0,False,train_3sigma,0.4004163146018982
Abat Marcet,cons_abat_marcet,4,2024-09-21 22:45:00,2024-09-22 22:45:00,train,0.8949248,stabilized_flow_log_feature,96,48.91999816894531,47.78249931335449,0.5785680788213619,0.8180597,0.32582295,1.5408918,0.5600013732910156,-4.569999694824219,0,False,train_3sigma,0.4004163146018982
Abat Marcet,cons_abat_marcet,5,2024-09-23 10:45:00,2024-09-24 10:45:00,train,0.77319616,stabilized_flow_log_feature,96,78.38999938964844,70.31999969482422,0.3415868203392187,0.60830534,0.62209874,1.0891844,7.94000244140625,-1.4599990844726562,0,False,train_3sigma,0.4004163146018982
Abat Marcet,cons_abat_marcet,6,2024-09-21 10:45:00,2024-09-22 10:45:00,train,0.51242304,stabilized_flow_log_feature,96,65.92999935150146,61.97999954223633,0.5269626611689634,0.41481963,0.15463775,0.96781176,4.299999237060547,-4.569999694824219,0,False,train_3sigma,0.4004163146018982
Abat Oliba,cons_abat_oliba,1,2025-03-02 18:45:00,2025-03-03 18:45:00,train,0.38521242,return_temp_c,96,81.5400009,68.75,0.395471153109088,0.1859038,0.51031566,0.4594178,14.110000599999992,-4.699996999999996,0,False,train_3sigma,0.3417040109634399
Abat Oliba,cons_abat_oliba,2,2024-09-23 06:45:00,2024-09-24 06:45:00,train,0.3816488,supply_temp_c,96,72.1800003,69.5299988,0.8397506547518208,0.4556369,0.25828862,0.43102095,0.5799999499999942,-1.939998600000003,0,False,train_3sigma,0.3417040109634399
Hostatgeria DHW Radiators,cons_hostatgeria_DHW_radiators,1,2025-06-16 17:00:00,2025-06-17 17:00:00,test,1.1052167,stabilized_flow_log_feature,96,78.17499923706055,74.30000305175781,0.6590197728781362,0.14005204,0.17480876,3.000789,2.8199996948242188,-2.089996337890625,0,False,train_3sigma,0.3558348417282104
Hostatgeria DHW Radiators,cons_hostatgeria_DHW_radiators,2,2025-06-17 05:00:00,2025-06-18 05:00:00,test,1.0575867,stabilized_flow_log_feature,96,77.78999900817871,74.30999755859375,0.6838467683858258,0.20996265,0.1666029,2.796194,2.625,-2.089996337890625,0,False,train_3sigma,0.3558348417282104
Hostatgeria DHW Radiators,cons_hostatgeria_DHW_radiators,3,2025-06-17 17:00:00,2025-06-18 17:00:00,test,1.0298481,stabilized_flow_log_feature,96,77.35499954223633,74.10750198364258,0.6680004421017782,0.21985166,0.20260926,2.6670835,2.779998779296875,-4.799995422363281,0,False,train_3sigma,0.3558348417282104
Hostatgeria DHW Radiators,cons_hostatgeria_DHW_radiators,4,2025-06-18 05:00:00,2025-06-19 05:00:00,test,1.0033337,stabilized_flow_log_feature,96,77.88999938964844,73.92499923706055,0.6612688704123897,0.19103956,0.19006379,2.6288974,2.8800048828125,-4.799995422363281,0,False,train_3sigma,0.3558348417282104
Hostatgeria DHW Radiators,cons_hostatgeria_DHW_radiators,5,2025-06-18 17:00:00,2025-06-19 17:00:00,test,0.8410917,stabilized_flow_log_feature,96,76.89999771118164,73.6099967956543,0.6385369491991859,0.17405695,0.18179667,2.1674216,2.799995422363281,-3.0800018310546875,0,False,train_3sigma,0.3558348417282104
Hostatgeria DHW Radiators,cons_hostatgeria_DHW_radiators,6,2025-06-16 05:00:00,2025-06-17 05:00:00,test,0.78757906,stabilized_flow_log_feature,96,77.93500137329102,74.20000076293945,0.7223010461085986,0.16122462,0.1727621,2.0287507,3.209999084472656,-2.1300048828125,0,False,train_3sigma,0.3558348417282104
Hostatgeria Underfloor,cons_hostatgeria_underfloor_hea,1,2024-04-03 18:45:00,2024-04-04 18:45:00,train,4.1792774,supply_temp_c,96,66.89416535695395,44.829999923706055,0.0864942315518687,8.756378,2.0360897,1.7453647,14.130001068115234,-2.3799972534179688,125,True,train_3sigma,1.538823485374451
Hostatgeria Underfloor,cons_hostatgeria_underfloor_hea,2,2024-10-25 18:45:00,2024-10-26 18:45:00,test,2.8034685,return_temp_c,96,78.12999725341797,29.950000762939453,0.0037252593903367,0.15559427,7.02692,1.227892,47.97999954223633,26.299999237060547,0,False,train_3sigma,1.538823485374451
Hostatgeria Underfloor,cons_hostatgeria_underfloor_hea,3,2024-04-03 06:45:00,2024-04-04 06:45:00,train,2.3978107,supply_temp_c,96,72.10000228881836,44.19499969482422,0.0689459807530028,4.8624554,1.1759051,1.1550719,26.05499839782715,-2.3799972534179688,75,True,train_3sigma,1.538823485374451
Hostatgeria Underfloor,cons_hostatgeria_underfloor_hea,4,2024-04-04 06:45:00,2024-04-05 06:45:00,train,2.24682,supply_temp_c,96,76.66999816894531,55.64499855041504,0.0427464471431162,4.4095645,1.472641,0.858254,23.950000762939453,-2.049999237060547,50,True,train_3sigma,1.538823485374451
Hostatgeria Underfloor,cons_hostatgeria_underfloor_hea,5,2024-03-10 06:45:00,2024-03-11 06:45:00,train,1.9127584,supply_temp_c,96,63.61499977111816,44.64500045776367,0.2403362925259951,3.3410156,0.517573,1.8796864,18.64000129699707,9.55999755859375,4,True,train_3sigma,1.538823485374451
Nostra Senyora,cons_nostra_senyora,1,2025-03-16 20:00:00,2025-03-17 20:00:00,train,0.7391646,supply_temp_c,96,78.52499771118164,65.30999755859375,0.5351668325912031,1.1180943,0.73756766,0.36183187,9.919998168945312,-10.860000610351562,0,False,train_3sigma,0.366076111793518
Nostra Senyora,cons_nostra_senyora,2,2024-09-22 20:00:00,2024-09-23 20:00:00,train,0.71180135,stabilized_flow_log_feature,96,46.77999877929688,39.880001068115234,0.0105926997263305,0.47095433,0.5793206,1.085129,7.029998779296875,3.029998779296875,0,False,train_3sigma,0.366076111793518
Nostra Senyora,cons_nostra_senyora,3,2025-03-17 08:00:00,2025-03-18 08:00:00,train,0.6646876,supply_temp_c,96,77.96500015258789,62.46500015258789,0.0320643678741536,0.99895,0.61903226,0.3760806,10.350006103515623,-10.860000610351562,0,False,train_3sigma,0.366076111793518
Nostra Senyora,cons_nostra_senyora,4,2024-09-22 08:00:00,2024-09-23 08:00:00,train,0.65847963,stabilized_flow_log_feature,96,46.80500030517578,40.25,0.0105145317795776,0.47658768,0.49343994,1.0054113,6.909997940063477,3.35000228881836,0,False,train_3sigma,0.366076111793518
Nostra Senyora,cons_nostra_senyora,5,2024-09-23 08:00:00,2024-09-24 08:00:00,train,0.54470974,stabilized_flow_log_feature,96,64.14999961853027,44.295000076293945,0.0122409398925532,0.4320004,0.5590226,0.64310634,17.764999389648438,3.029998779296875,0,False,train_3sigma,0.366076111793518
Nostra Senyora,cons_nostra_senyora,6,2025-03-09 20:00:00,2025-03-10 20:00:00,train,0.5365408,return_temp_c,96,78.83499908447266,62.420000076293945,0.4509668004994509,0.51559204,0.87909055,0.21494001,12.979995727539062,1.0,0,False,train_3sigma,0.366076111793518
